页码,标题,价格,区域,房子面积,朝向,房屋类型,楼层,链接,爬取时间
1,整租·绿地东岸涟城 1室1厅 南/北,2200 元/月,浦东-临港新城-绿地东岸涟城,52.00㎡,南 北,1室1厅1卫,中楼层                        （11层）,https://sh.lianjia.com/zufang/SH2022662249067315200.html,2025-11-17 19:48:15
1,整租·陆家嘴滴水涟岸一期 3室2厅 南,5500 元/月,浦东-临港新城-陆家嘴滴水涟岸一期,126.06㎡,南,3室2厅2卫,中楼层                        （14层）,https://sh.lianjia.com/zufang/SH2008481364684308480.html,2025-11-17 19:48:15
1,整租·万科金域澜湾 2室2厅 南,3000 元/月,浦东-临港新城-万科金域澜湾,75.00㎡,南,2室2厅1卫,高楼层                        （8层）,https://sh.lianjia.com/zufang/SH2027344502355656704.html,2025-11-17 19:48:15
1,独栋·上海滴水湖斯贤公寓 北苑 【年底特惠】【103核心区域】【超值回馈客户】仅限长租 豪华三房 拎包入住！ 3室2厅,5500 元/月,无区域信息,110.00-125.00㎡,无朝向,3室2厅2卫,无楼层,https://sh.lianjia.com/apartment/52599.html,2025-11-17 19:48:15
1,整租·滴水湖馨苑创馨派 1室1厅 南,2100 元/月,浦东-临港新城-滴水湖馨苑创馨派,42.00㎡,南,1室1厅1卫,高楼层                        （6层）,https://sh.lianjia.com/zufang/SH2029099033355616256.html,2025-11-17 19:48:15
1,独栋·上海滴水湖斯贤公寓 南苑 【特价促销上新】【103科创核心区域】【紧邻港城广场】3房2厅2卫  酒店式服务 民水电  环境好 3室2厅,5000-7500 元/月,无区域信息,110.00㎡,无朝向,3室2厅2卫,无楼层,https://sh.lianjia.com/apartment/66978.html,2025-11-17 19:48:15
1,整租·绿地东岸涟城 2室2厅 南/北,2310 元/月,浦东-临港新城-绿地东岸涟城,74.15㎡,南 北,2室2厅1卫,低楼层                        （11层）,https://sh.lianjia.com/zufang/SH2037562824267399168.html,2025-11-17 19:48:15
1,整租·星瀚璟庭 4室2厅 南,4500 元/月,浦东-临港新城-星瀚璟庭,140.00㎡,南,4室2厅2卫,高楼层                        （18层）,https://sh.lianjia.com/zufang/SH2013129006219526144.html,2025-11-17 19:48:15
1,整租·宜浩佳园南区 3室2厅 南/北,3150 元/月,浦东-临港新城-宜浩佳园南区,118.45㎡,南 北,3室2厅2卫,低楼层                        （4层）,https://sh.lianjia.com/zufang/SH2038293763830317056.html,2025-11-17 19:48:15
1,独栋·上海滴水湖斯贤公寓 北苑 【南苑-年底大促销】【可办居住证】【折扣多多 】酒店式服务公寓 拎包入住 民用水电 可开专票 3室2厅,5000 元/月,无区域信息,110.00㎡,无朝向,3室2厅2卫,无楼层,https://sh.lianjia.com/apartment/52599.html,2025-11-17 19:48:15
1,整租·万科金域澜湾 3室2厅 南,3600 元/月,浦东-临港新城-万科金域澜湾,89.00㎡,南,3室2厅2卫,低楼层                        （8层）,https://sh.lianjia.com/zufang/SH1984641736860762112.html,2025-11-17 19:48:15
1,独栋·摩居公寓 临港店 公寓直租，0中介费。摩居大床房 开间,1800 元/月,无区域信息,32.00㎡,无朝向,1室0厅1卫,无楼层,https://sh.lianjia.com/apartment/87399.html,2025-11-17 19:48:15
1,整租·滴水湖馨苑创馨派 2室1厅 南/北,2310 元/月,浦东-临港新城-滴水湖馨苑创馨派,82.00㎡,南 北,2室1厅1卫,中楼层                        （6层）,https://sh.lianjia.com/zufang/SH1989679272909864960.html,2025-11-17 19:48:15
1,独栋·摩居公寓 临港店 公寓直租，0中介费。摩居双人间 开间,1800 元/月,无区域信息,30.00㎡,无朝向,1室0厅1卫,无楼层,https://sh.lianjia.com/apartment/87399.html,2025-11-17 19:48:15
1,整租·滴水湖馨苑一期 2室2厅 南,2415 元/月,浦东-临港新城-滴水湖馨苑一期,78.86㎡,南,2室2厅1卫,高楼层                        （5层）,https://sh.lianjia.com/zufang/SH2008798153582575616.html,2025-11-17 19:48:15
1,独栋·中建·幸孚+公寓 临港店-6单元 E户型，单间独卫，朝南，家具家电齐全，可拎包入住 开间,1718 元/月,无区域信息,34.50㎡,无朝向,1室0厅1卫,无楼层,https://sh.lianjia.com/apartment/90694.html,2025-11-17 19:48:15
1,整租·上实望海 3室2厅 南,2835 元/月,浦东-临港新城-上实望海,99.55㎡,南,3室2厅2卫,高楼层                        （16层）,https://sh.lianjia.com/zufang/SH2007103017534357504.html,2025-11-17 19:48:15
1,整租·滴水湖馨苑二期 2室2厅 南,2200 元/月,浦东-临港新城-滴水湖馨苑二期,85.56㎡,南,2室2厅1卫,低楼层                        （5层）,https://sh.lianjia.com/zufang/SH2016860545965096960.html,2025-11-17 19:48:15
1,独栋·中建·幸孚+公寓 临港店-5单元 公寓·独立卫浴·拎包入住·朝北 开间,1336 元/月,无区域信息,27.60㎡,无朝向,1室0厅1卫,无楼层,https://sh.lianjia.com/apartment/90791.html,2025-11-17 19:48:15
1,整租·万达钻石湾 3室2厅 南,2919 元/月,浦东-临港新城-万达钻石湾,87.00㎡,南,3室2厅1卫,高楼层                        （17层）,https://sh.lianjia.com/zufang/SH2015243566971879424.html,2025-11-17 19:48:15
1,整租·宝龙世家 3室1厅 南/北,2500 元/月,浦东-临港新城-宝龙世家,83.08㎡,南 北,3室1厅1卫,低楼层                        （13层）,https://sh.lianjia.com/zufang/SH2035349686042230784.html,2025-11-17 19:48:15
1,独栋·中建·幸孚+公寓 临港店-6单元 C户型 精装修 单间独卫 27.6平米 可办居住证 开间,1302 元/月,无区域信息,27.60㎡,无朝向,1室0厅1卫,无楼层,https://sh.lianjia.com/apartment/90694.html,2025-11-17 19:48:15
1,整租·上实望海 3室2厅 南,3255 元/月,浦东-临港新城-上实望海,100.00㎡,南,3室2厅2卫,高楼层                        （16层）,https://sh.lianjia.com/zufang/SH2014954385452302336.html,2025-11-17 19:48:15
1,独栋·城际服务公寓酒店 上海临港城际服务公寓 近耀雪世界 可开票幽静服务公寓城际豪华套房公寓 1室1厅,8700-10000 元/月,无区域信息,58.00㎡,无朝向,1室1厅1卫,无楼层,https://sh.lianjia.com/apartment/100060.html,2025-11-17 19:48:15
1,整租·清风丽苑 2室1厅 东南/南,1995 元/月,浦东-泥城镇-清风丽苑,81.00㎡,东南 南,2室1厅1卫,中楼层                        （11层）,https://sh.lianjia.com/zufang/SH2050214432230866944.html,2025-11-17 19:48:15
1,独栋·城际服务公寓酒店 上海临港城际服务公寓 近滴水湖服务公寓 设施齐全 租期灵活带健身房城际豪华单房公寓 1室1厅,5700-6800 元/月,无区域信息,36.00㎡,无朝向,1室1厅1卫,无楼层,https://sh.lianjia.com/apartment/100060.html,2025-11-17 19:48:15
1,整租·临港十七区 1室1厅 北,1100 元/月,浦东-临港新城-临港十七区,39.05㎡,北,1室1厅1卫,中楼层                        （15层）,https://sh.lianjia.com/zufang/SH2036056305570938880.html,2025-11-17 19:48:15
1,整租·万科金域澜湾 2室1厅 南/北,2400 元/月,浦东-临港新城-万科金域澜湾,75.38㎡,南 北,2室1厅1卫,中楼层                        （8层）,https://sh.lianjia.com/zufang/SH2040711209187016704.html,2025-11-17 19:48:15
1,整租·滴水湖馨苑二期 2室2厅 南,2000 元/月,浦东-临港新城-滴水湖馨苑二期,116.00㎡,南,2室2厅1卫,高楼层                        （5层）,https://sh.lianjia.com/zufang/SH2041494881037189120.html,2025-11-17 19:48:15
1,整租·港城悦庭 3室2厅 南,4000 元/月,浦东-临港新城-港城悦庭,92.04㎡,南,3室2厅2卫,高楼层                        （17层）,https://sh.lianjia.com/zufang/SH2038169850961985536.html,2025-11-17 19:48:15
2,整租·雅戈尔 3室2厅 南/北,2900 元/月,浦东-临港新城-雅戈尔,100.00㎡,南 北,3室2厅2卫,中楼层                        （16层）,https://sh.lianjia.com/zufang/SH2054176151487643648.html,2025-11-17 19:48:18
2,整租·金融湾晶琇 3室2厅 东/南,6000 元/月,浦东-临港新城-金融湾晶琇,122.40㎡,东 南,3室2厅2卫,低楼层                        （11层）,https://sh.lianjia.com/zufang/SH2042964096898301952.html,2025-11-17 19:48:18
2,整租·绿地临港家园（海洋小区） 2室2厅 南/北,2580 元/月,浦东-临港新城-绿地临港家园（海洋小区）,96.98㎡,南 北,2室2厅1卫,低楼层                        （4层）,https://sh.lianjia.com/zufang/SH2056741224286519296.html,2025-11-17 19:48:18
2,独栋·新怡豪庭酒店及服务式公寓 上海滴水湖店 新怡豪庭服务式公寓【离地铁200米】一房/民用水电/0中介 1室1厅,6999 元/月,无区域信息,81.94㎡,无朝向,1室1厅1卫,无楼层,https://sh.lianjia.com/apartment/98998.html,2025-11-17 19:48:18
2,整租·临港新世界休闲广场 2室1厅 南/北,2200 元/月,浦东-临港新城-临港新世界休闲广场,60.47㎡,南 北,2室1厅1卫,高楼层                        （7层）,https://sh.lianjia.com/zufang/SH2057034355217268736.html,2025-11-17 19:48:18
2,独栋·新怡豪庭酒店及服务式公寓 上海滴水湖店 新怡豪庭服务式公寓【离地铁200米】两房/民用水电/0中介 2室1厅,9999 元/月,无区域信息,133.45㎡,无朝向,2室1厅2卫,无楼层,https://sh.lianjia.com/apartment/98998.html,2025-11-17 19:48:18
2,整租·海滨时代大厦 2室1厅 南,2100 元/月,浦东-临港新城-海滨时代大厦,50.63㎡,南,2室1厅1卫,中楼层                        （10层）,https://sh.lianjia.com/zufang/SH2062071987961856000.html,2025-11-17 19:48:18
2,整租·陆家嘴滴水涟岸一期 3室2厅 北,5800 元/月,浦东-临港新城-陆家嘴滴水涟岸一期,126.53㎡,北,3室2厅2卫,高楼层                        （14层）,https://sh.lianjia.com/zufang/SH2044270643712622592.html,2025-11-17 19:48:18
2,整租·绿地东岸涟城 1室1厅 南/北,2153 元/月,浦东-临港新城-绿地东岸涟城,52.08㎡,南 北,1室1厅1卫,高楼层                        （11层）,https://sh.lianjia.com/zufang/SH2063245859704799232.html,2025-11-17 19:48:18
2,独栋·中建·幸孚+公寓 临港店-5单元 停车免费·带阳台独立卫浴·拎包入住 开间,1855 元/月,无区域信息,38.10㎡,无朝向,1室0厅1卫,无楼层,https://sh.lianjia.com/apartment/90791.html,2025-11-17 19:48:18
2,整租·港城悦庭 3室2厅 南/北,3570 元/月,浦东-临港新城-港城悦庭,92.00㎡,南 北,3室2厅2卫,中楼层                        （17层）,https://sh.lianjia.com/zufang/SH2049487693758332928.html,2025-11-17 19:48:18
2,独栋·中建·幸孚+公寓 临港店-5单元 可办居住证·超大阳台房·独立卫浴·家电齐全 开间,1879 元/月,无区域信息,38.60㎡,无朝向,1室0厅1卫,无楼层,https://sh.lianjia.com/apartment/90791.html,2025-11-17 19:48:18
2,整租·宜浩佳园南区 3室2厅 南,2888 元/月,浦东-临港新城-宜浩佳园南区,109.44㎡,南,3室2厅2卫,高楼层                        （4层）,https://sh.lianjia.com/zufang/SH2062865719430742016.html,2025-11-17 19:48:18
2,独栋·中建·幸孚+公寓 临港店-6单元 A户型，朝南单间独卫，带阳台，可做饭，有健身房 开间,1914 元/月,无区域信息,38.10㎡,无朝向,1室0厅1卫,无楼层,https://sh.lianjia.com/apartment/90694.html,2025-11-17 19:48:18
2,整租·临港新世界休闲广场 1室0厅 南,1700 元/月,浦东-临港新城-临港新世界休闲广场,32.70㎡,南,1室0厅1卫,低楼层                        （9层）,https://sh.lianjia.com/zufang/SH2067150939847917568.html,2025-11-17 19:48:18
2,独栋·城际服务公寓酒店 上海临港城际服务公寓 近海昌&天文馆有健身房限时折扣城际单房公寓 开间,5400 元/月,无区域信息,26.00㎡,无朝向,1室0厅1卫,无楼层,https://sh.lianjia.com/apartment/100060.html,2025-11-17 19:48:18
2,整租·保利玲珑公馆 3室2厅 南/北,3045 元/月,浦东-临港新城-保利玲珑公馆,91.07㎡,南 北,3室2厅2卫,低楼层                        （14层）,https://sh.lianjia.com/zufang/SH2067235537332207616.html,2025-11-17 19:48:18
2,整租·嘉和美苑 3室2厅 南/北,4000 元/月,浦东-临港新城-嘉和美苑,114.53㎡,南 北,3室2厅1卫,高楼层                        （8层）,https://sh.lianjia.com/zufang/SH2044032663991353344.html,2025-11-17 19:48:18
2,独栋·上海滴水湖斯贤公寓 北苑 【仅限长租12个月 】【超值促销】【超低价格】 手慢无 豪华装修，有史以来最低价！！ 2室1厅,4000-4500 元/月,无区域信息,83.00㎡,无朝向,2室1厅1卫,无楼层,https://sh.lianjia.com/apartment/52599.html,2025-11-17 19:48:18
2,整租·磐达华庭 2室2厅 南/北,2900 元/月,浦东-临港新城-磐达华庭,114.26㎡,南 北,2室2厅1卫,中楼层                        （6层）,https://sh.lianjia.com/zufang/SH2067892928079986688.html,2025-11-17 19:48:18
2,整租·新芦苑 1室2厅 南,1900 元/月,浦东-临港新城-新芦苑,62.00㎡,南,1室2厅1卫,中楼层                        （4层）,https://sh.lianjia.com/zufang/SH2053352899173416960.html,2025-11-17 19:48:18
2,独栋·上海滴水湖斯贤公寓 南苑 【年底大促销】【紧邻港城广场】【103核心区域 】精装修2房2厅  拎包入住 民水电燃气 2室1厅,3500 元/月,无区域信息,85.00-90.00㎡,无朝向,2室1厅1卫,无楼层,https://sh.lianjia.com/apartment/66978.html,2025-11-17 19:48:18
2,整租·宜浩佳园北区 2室2厅 南,2500 元/月,浦东-临港新城-宜浩佳园北区,82.48㎡,南,2室2厅1卫,低楼层                        （4层）,https://sh.lianjia.com/zufang/SH2068836581225005056.html,2025-11-17 19:48:18
2,独栋·上海滴水湖斯贤公寓 北苑 【年底特价促销】【企业客户专享福利】 【可办居住证 】共计14套房源！随时可看 精装修 拎包入住 2室1厅,4000-5500 元/月,无区域信息,82.00㎡,无朝向,2室1厅1卫,无楼层,https://sh.lianjia.com/apartment/52599.html,2025-11-17 19:48:18
2,整租·宜浩佳园北区 2室2厅 南/北,2400 元/月,浦东-临港新城-宜浩佳园北区,83.03㎡,南 北,2室2厅1卫,高楼层                        （4层）,https://sh.lianjia.com/zufang/SH2070903452803792896.html,2025-11-17 19:48:18
2,独栋·上海滴水湖斯贤公寓 北苑 【南苑-年底大促销】【企业专享】【可办居住证 】拎包入住 可短租通燃气 民用水电 免费停车 2室1厅,4000-5500 元/月,无区域信息,90.00㎡,无朝向,2室1厅1卫,无楼层,https://sh.lianjia.com/apartment/52599.html,2025-11-17 19:48:18
2,整租·海上风华 3室1厅 南,3200 元/月,浦东-临港新城-海上风华,90.89㎡,南,3室1厅3卫,中楼层                        （5层）,https://sh.lianjia.com/zufang/SH2056673558968401920.html,2025-11-17 19:48:18
2,整租·海滨时代大厦 3室2厅 南/北,5600 元/月,浦东-临港新城-海滨时代大厦,106.00㎡,南 北,3室2厅2卫,高楼层                        （10层）,https://sh.lianjia.com/zufang/SH2064640978169364480.html,2025-11-17 19:48:18
2,整租·海滨时代大厦 2室1厅 南/北,2800 元/月,浦东-临港新城-海滨时代大厦,51.42㎡,南 北,2室1厅2卫,高楼层                        （10层）,https://sh.lianjia.com/zufang/SH2064642009418694656.html,2025-11-17 19:48:18
2,整租·大名城映玥 3室2厅 南/北,3200 元/月,浦东-临港新城-大名城映玥,96.35㎡,南 北,3室2厅2卫,低楼层                        （8层）,https://sh.lianjia.com/zufang/SH1908038619675754496.html,2025-11-17 19:48:18
3,整租·港城悦庭 3室1厅 南,4500 元/月,浦东-临港新城-港城悦庭,116.42㎡,南,3室1厅2卫,中楼层                        （16层）,https://sh.lianjia.com/zufang/SH2081762392005410816.html,2025-11-17 19:48:22
3,整租·陆家嘴滴水涟岸一期 3室2厅 北,5800 元/月,浦东-临港新城-陆家嘴滴水涟岸一期,126.53㎡,北,3室2厅2卫,高楼层                        （14层）,https://sh.lianjia.com/zufang/SH2044270643712622592.html,2025-11-17 19:48:22
3,整租·玲珑悦庭 1室1厅 南,2660 元/月,浦东-临港新城-玲珑悦庭,59.56㎡,南,1室1厅1卫,中楼层                        （7层）,https://sh.lianjia.com/zufang/SH2082143269558419456.html,2025-11-17 19:48:22
3,独栋·上海滴水湖斯贤公寓 南苑 【103核心区域】【 企业专享折扣】【可短租月付】限时折扣  品质装修 酒店式服务 1室1厅,4500 元/月,无区域信息,72.00㎡,无朝向,1室1厅1卫,无楼层,https://sh.lianjia.com/apartment/66978.html,2025-11-17 19:48:22
3,整租·绿地东岸涟城 2室2厅 南/北,2600 元/月,浦东-临港新城-绿地东岸涟城,88.23㎡,南 北,2室2厅1卫,中楼层                        （5层）,https://sh.lianjia.com/zufang/SH2082683928107286528.html,2025-11-17 19:48:22
3,独栋·上海滴水湖斯贤公寓 北苑 【南苑-年底特惠促销】【超低价格】【103科创总部区域】 精装2室2厅  拎包入住 民用水电 2室2厅,4000-5500 元/月,无区域信息,85.00-90.00㎡,无朝向,2室2厅1卫,无楼层,https://sh.lianjia.com/apartment/52599.html,2025-11-17 19:48:22
3,整租·艾森公馆 2室2厅 南/北,2700 元/月,浦东-临港新城-艾森公馆,100.40㎡,南 北,2室2厅2卫,中楼层                        （11层）,https://sh.lianjia.com/zufang/SH2083573070429159424.html,2025-11-17 19:48:22
3,整租·嘉和美苑 3室2厅 南/北,4000 元/月,浦东-临港新城-嘉和美苑,114.53㎡,南 北,3室2厅1卫,高楼层                        （8层）,https://sh.lianjia.com/zufang/SH2044032663991353344.html,2025-11-17 19:48:22
3,整租·临港十七区 1室1厅 北,1500 元/月,浦东-临港新城-临港十七区,39.05㎡,北,1室1厅1卫,高楼层                        （15层）,https://sh.lianjia.com/zufang/SH1759035179197792256.html,2025-11-17 19:48:22
3,独栋·上海滴水湖斯贤公寓 南苑 【103核心区域】 【紧邻港城广场】【可办居住证】北苑特惠两房 服务式公寓 酒店配置 拎包入住 2室1厅,4000 元/月,无区域信息,85.00㎡,无朝向,2室1厅1卫,无楼层,https://sh.lianjia.com/apartment/66978.html,2025-11-17 19:48:22
3,整租·宜浩佳园北区 2室2厅 南,2100 元/月,浦东-临港新城-宜浩佳园北区,82.34㎡,南,2室2厅1卫,低楼层                        （4层）,https://sh.lianjia.com/zufang/SH1827963802000293888.html,2025-11-17 19:48:22
3,整租·临港家园 3室2厅 南,2800 元/月,浦东-临港新城-临港家园,95.40㎡,南,3室2厅1卫,高楼层                        （12层）,https://sh.lianjia.com/zufang/SH2087172686856847360.html,2025-11-17 19:48:22
3,整租·万科金域澜湾鹭语墅 2室2厅 南,2800 元/月,浦东-临港新城-万科金域澜湾鹭语墅,80.88㎡,南,2室2厅1卫,低楼层                        （8层）,https://sh.lianjia.com/zufang/SH2087528658091638784.html,2025-11-17 19:48:22
3,整租·朗诗里程 3室2厅 南/北,2750 元/月,浦东-临港新城-朗诗里程,86.84㎡,南 北,3室2厅1卫,中楼层                        （15层）,https://sh.lianjia.com/zufang/SH2043308885405597696.html,2025-11-17 19:48:22
3,整租·海尚明月苑 2室2厅 南/北,1700 元/月,浦东-临港新城-海尚明月苑,82.34㎡,南 北,2室2厅1卫,高楼层                        （6层）,https://sh.lianjia.com/zufang/SH2046564058127138816.html,2025-11-17 19:48:22
3,整租·临港十七区 2室1厅 南,2200 元/月,浦东-临港新城-临港十七区,50.36㎡,南,2室1厅2卫,高楼层                        （15层）,https://sh.lianjia.com/zufang/SH2088575034351157248.html,2025-11-17 19:48:22
3,整租·万科金域澜湾 2室2厅 南/北,3000 元/月,浦东-临港新城-万科金域澜湾,75.42㎡,南 北,2室2厅1卫,高楼层                        （8层）,https://sh.lianjia.com/zufang/SH2089319981685669888.html,2025-11-17 19:48:22
3,整租·保利铃兰公馆 3室2厅 南,3000 元/月,浦东-临港新城-保利铃兰公馆,89.95㎡,南,3室2厅2卫,高楼层                        （8层）,https://sh.lianjia.com/zufang/SH2089273038678786048.html,2025-11-17 19:48:22
3,整租·临港家园 2室1厅 南/北,2400 元/月,浦东-临港新城-临港家园,91.64㎡,南 北,2室1厅1卫,中楼层                        （4层）,https://sh.lianjia.com/zufang/SH2089594380099780608.html,2025-11-17 19:48:22
3,整租·紫菁庭 3室2厅 南/北,3200 元/月,浦东-临港新城-紫菁庭,127.10㎡,南 北,3室2厅1卫,高楼层                        （13层）,https://sh.lianjia.com/zufang/SH2089593352298168320.html,2025-11-17 19:48:22
3,整租·上实望海 3室2厅 南,3500 元/月,浦东-临港新城-上实望海,120.36㎡,南,3室2厅2卫,低楼层                        （16层）,https://sh.lianjia.com/zufang/SH2091060364639731712.html,2025-11-17 19:48:22
3,整租·保利铃兰公馆 3室2厅 南/北,3400 元/月,浦东-临港新城-保利铃兰公馆,89.95㎡,南 北,3室2厅2卫,低楼层                        （8层）,https://sh.lianjia.com/zufang/SH2092136596475215872.html,2025-11-17 19:48:22
3,整租·中建玖海云天 3室2厅 南,3500 元/月,浦东-临港新城-中建玖海云天,97.83㎡,南,3室2厅2卫,高楼层                        （18层）,https://sh.lianjia.com/zufang/SH2092132058410254336.html,2025-11-17 19:48:22
3,整租·临港家园 3室2厅 南/北,3600 元/月,浦东-临港新城-临港家园,153.49㎡,南 北,3室2厅2卫,高楼层                        （4层）,https://sh.lianjia.com/zufang/SH2092144247183507456.html,2025-11-17 19:48:22
3,整租·中建玖海云天 3室2厅 南,3800 元/月,浦东-临港新城-中建玖海云天,99.17㎡,南,3室2厅2卫,高楼层                        （17层）,https://sh.lianjia.com/zufang/SH2092239986614075392.html,2025-11-17 19:48:22
3,整租·万科金域澜湾鹭语墅 2室2厅 南,3000 元/月,浦东-临港新城-万科金域澜湾鹭语墅,80.07㎡,南,2室2厅1卫,高楼层                        （8层）,https://sh.lianjia.com/zufang/SH2092247003437203456.html,2025-11-17 19:48:22
3,整租·星瀚璟庭 3室2厅 南/北,3200 元/月,浦东-临港新城-星瀚璟庭,99.00㎡,南 北,3室2厅2卫,中楼层                        （18层）,https://sh.lianjia.com/zufang/SH2092883564495372288.html,2025-11-17 19:48:22
3,整租·宏兆锦庭 1室1厅 南/北,2500 元/月,浦东-临港新城-宏兆锦庭,50.40㎡,南 北,1室1厅1卫,高楼层                        （6层）,https://sh.lianjia.com/zufang/SH2092609530125877248.html,2025-11-17 19:48:22
3,整租·海尚明月苑 2室2厅 南,2100 元/月,浦东-临港新城-海尚明月苑,82.87㎡,南,2室2厅1卫,低楼层                        （4层）,https://sh.lianjia.com/zufang/SH2092949636116381696.html,2025-11-17 19:48:22
3,整租·绿地东岸涟城 2室1厅 南/北,2350 元/月,浦东-临港新城-绿地东岸涟城,81.89㎡,南 北,2室1厅1卫,中楼层                        （5层）,https://sh.lianjia.com/zufang/SH2092624571843739648.html,2025-11-17 19:48:22
4,整租·海上风华 2室2厅 复式 南,3000 元/月,浦东-临港新城-海上风华,90.98㎡,南,2室2厅3卫,中楼层                        （5层）,https://sh.lianjia.com/zufang/SH2056219166486036480.html,2025-11-17 19:48:25
4,整租·大名城映晖 4室2厅 南,5500 元/月,浦东-临港新城-大名城映晖,119.66㎡,南,4室2厅2卫,低楼层                        （8层）,https://sh.lianjia.com/zufang/SH2058779036821225472.html,2025-11-17 19:48:25
4,整租·保利蔚蓝林语 5室2厅 复式 南,5300 元/月,浦东-临港新城-保利蔚蓝林语,152.39㎡,南,5室2厅2卫,低楼层                        （4层）,https://sh.lianjia.com/zufang/SH2057352933497896960.html,2025-11-17 19:48:25
4,整租·绿地东岸涟城 4室2厅 南,6100 元/月,浦东-临港新城-绿地东岸涟城,196.00㎡,南,4室2厅3卫,中楼层                        （4层）,https://sh.lianjia.com/zufang/SH2059104809679585280.html,2025-11-17 19:48:25
4,整租·临港天宸 3室2厅 南/北,3000 元/月,浦东-临港新城-临港天宸,98.78㎡,南 北,3室2厅2卫,高楼层                        （23层）,https://sh.lianjia.com/zufang/SH2059917501281599488.html,2025-11-17 19:48:25
4,整租·陆家嘴滴水涟岸一期 2室2厅 南,3800 元/月,浦东-临港新城-陆家嘴滴水涟岸一期,85.64㎡,南,2室2厅2卫,低楼层                        （14层）,https://sh.lianjia.com/zufang/SH2061673660292268032.html,2025-11-17 19:48:25
4,整租·碧云壹零 4室2厅 南,27000 元/月,浦东-临港新城-碧云壹零,413.80㎡,南,4室2厅2卫,低楼层                        （2层）,https://sh.lianjia.com/zufang/SH2061357689283280896.html,2025-11-17 19:48:25
4,整租·星瀚璟庭 3室2厅 南,3200 元/月,浦东-临港新城-星瀚璟庭,97.58㎡,南,3室2厅2卫,低楼层                        （18层）,https://sh.lianjia.com/zufang/SH2062425399782014976.html,2025-11-17 19:48:25
4,整租·保利蔚蓝林语 4室2厅 南,4500 元/月,浦东-临港新城-保利蔚蓝林语,153.06㎡,南,4室2厅3卫,低楼层                        （4层）,https://sh.lianjia.com/zufang/SH2062513742435844096.html,2025-11-17 19:48:25
4,整租·保利玲珑公馆 3室1厅 南/北,3000 元/月,浦东-临港新城-保利玲珑公馆,91.07㎡,南 北,3室1厅2卫,高楼层                        （14层）,https://sh.lianjia.com/zufang/SH2062452753912823808.html,2025-11-17 19:48:25
4,整租·绿地临港家园（海洋小区） 2室2厅 南,2350 元/月,浦东-临港新城-绿地临港家园（海洋小区）,96.81㎡,南,2室2厅1卫,中楼层                        （4层）,https://sh.lianjia.com/zufang/SH2062478671003779072.html,2025-11-17 19:48:25
4,整租·海滨时代大厦 3室2厅 南/北,5600 元/月,浦东-临港新城-海滨时代大厦,106.00㎡,南 北,3室2厅2卫,高楼层                        （10层）,https://sh.lianjia.com/zufang/SH2064640978169364480.html,2025-11-17 19:48:25
4,整租·海滨时代大厦 2室1厅 南/北,2800 元/月,浦东-临港新城-海滨时代大厦,51.42㎡,南 北,2室1厅2卫,高楼层                        （10层）,https://sh.lianjia.com/zufang/SH2064642009418694656.html,2025-11-17 19:48:25
4,整租·嘉和美苑 3室2厅 南,3800 元/月,浦东-临港新城-嘉和美苑,142.30㎡,南,3室2厅2卫,中楼层                        （8层）,https://sh.lianjia.com/zufang/SH2065669456364830720.html,2025-11-17 19:48:25
4,整租·港城悦府 3室2厅 南,12000 元/月,浦东-临港新城-港城悦府,151.76㎡,南,3室2厅2卫,中楼层                        （4层）,https://sh.lianjia.com/zufang/SH2065397903467216896.html,2025-11-17 19:48:25
4,整租·万科金域澜湾鹭语墅 2室2厅 南,3500 元/月,浦东-临港新城-万科金域澜湾鹭语墅,90.00㎡,南,2室2厅1卫,中楼层                        （8层）,https://sh.lianjia.com/zufang/SH2066380574649483264.html,2025-11-17 19:48:25
4,整租·宜浩佳园北区 2室2厅 南,2300 元/月,浦东-临港新城-宜浩佳园北区,87.96㎡,南,2室2厅1卫,低楼层                        （4层）,https://sh.lianjia.com/zufang/SH2065802927859040256.html,2025-11-17 19:48:25
4,整租·新芦苑 3室2厅 南/北,2800 元/月,浦东-临港新城-新芦苑,124.00㎡,南 北,3室2厅2卫,高楼层                        （6层）,https://sh.lianjia.com/zufang/SH2066876641723809792.html,2025-11-17 19:48:25
4,整租·星瀚璟庭 3室2厅 南/北,3400 元/月,浦东-临港新城-星瀚璟庭,99.14㎡,南 北,3室2厅2卫,低楼层                        （18层）,https://sh.lianjia.com/zufang/SH2067090161212063744.html,2025-11-17 19:48:25
4,整租·滴水湖馨苑二期 3室2厅 南,3900 元/月,浦东-临港新城-滴水湖馨苑二期,76.33㎡,南,3室2厅1卫,中楼层                        （5层）,https://sh.lianjia.com/zufang/SH2067261351671103488.html,2025-11-17 19:48:25
4,整租·朗诗里程 2室1厅 南/北,2500 元/月,浦东-临港新城-朗诗里程,77.66㎡,南 北,2室1厅1卫,低楼层                        （15层）,https://sh.lianjia.com/zufang/SH2065773544347795456.html,2025-11-17 19:48:25
4,整租·宜浩佳园北区 2室2厅 南/北,2900 元/月,浦东-临港新城-宜浩佳园北区,110.42㎡,南 北,2室2厅2卫,高楼层                        （12层）,https://sh.lianjia.com/zufang/SH2067125974192881664.html,2025-11-17 19:48:25
4,整租·保利蔚蓝林语 3室2厅 南,3722 元/月,浦东-临港新城-保利蔚蓝林语,96.39㎡,南,3室2厅2卫,中楼层                        （14层）,https://sh.lianjia.com/zufang/SH2067060238271381504.html,2025-11-17 19:48:25
4,整租·东宸源著 3室1厅 南,3300 元/月,浦东-临港新城-东宸源著,129.08㎡,南,3室1厅2卫,中楼层                        （8层）,https://sh.lianjia.com/zufang/SH2067102750973362176.html,2025-11-17 19:48:25
4,整租·滴水湖馨苑三期 3室2厅 南,3000 元/月,浦东-临港新城-滴水湖馨苑三期,166.09㎡,南,3室2厅2卫,中楼层                        （11层）,https://sh.lianjia.com/zufang/SH2068234846689296384.html,2025-11-17 19:48:25
4,整租·大名城映玥 3室2厅 南,3800 元/月,浦东-临港新城-大名城映玥,96.35㎡,南,3室2厅2卫,高楼层                        （8层）,https://sh.lianjia.com/zufang/SH2068302560090914816.html,2025-11-17 19:48:25
4,整租·金融湾晶琇 2室2厅 南,3800 元/月,浦东-临港新城-金融湾晶琇,96.62㎡,南,2室2厅1卫,低楼层                        （11层）,https://sh.lianjia.com/zufang/SH2068317306445889536.html,2025-11-17 19:48:25
4,整租·艾森公馆 3室2厅 南/北,4200 元/月,浦东-临港新城-艾森公馆,86.10㎡,南 北,3室2厅1卫,中楼层                        （11层）,https://sh.lianjia.com/zufang/SH2069422965564375040.html,2025-11-17 19:48:25
4,整租·嘉和美苑 3室2厅 南/北,4000 元/月,浦东-临港新城-嘉和美苑,105.50㎡,南 北,3室2厅1卫,中楼层                        （8层）,https://sh.lianjia.com/zufang/SH2071788503775051776.html,2025-11-17 19:48:25
4,整租·大名城映晖 3室2厅 南/北,3800 元/月,浦东-临港新城-大名城映晖,95.08㎡,南 北,3室2厅2卫,中楼层                        （8层）,https://sh.lianjia.com/zufang/SH2072625163303649280.html,2025-11-17 19:48:25
5,整租·海尚明月苑 2室2厅 南/北,1700 元/月,浦东-临港新城-海尚明月苑,82.34㎡,南 北,2室2厅1卫,高楼层                        （6层）,https://sh.lianjia.com/zufang/SH2046564058127138816.html,2025-11-17 19:48:28
5,整租·宜浩佳园北区 2室2厅 南/北,2500 元/月,浦东-临港新城-宜浩佳园北区,88.25㎡,南 北,2室2厅1卫,高楼层                        （4层）,https://sh.lianjia.com/zufang/SH2048981481233055744.html,2025-11-17 19:48:28
5,整租·书院一号公寓 2室1厅 南,2200 元/月,浦东-书院镇-书院一号公寓,93.72㎡,南,2室1厅1卫,低楼层                        （11层）,https://sh.lianjia.com/zufang/SH2049782297703481344.html,2025-11-17 19:48:28
5,整租·中建锦绣熙岸 3室2厅 南,3200 元/月,浦东-临港新城-中建锦绣熙岸,87.26㎡,南,3室2厅1卫,高楼层                        （14层）,https://sh.lianjia.com/zufang/SH2052237243673739264.html,2025-11-17 19:48:28
5,整租·海芦镜湖苑 3室2厅 南/北,2700 元/月,浦东-临港新城-海芦镜湖苑,107.34㎡,南 北,3室2厅1卫,高楼层                        （6层）,https://sh.lianjia.com/zufang/SH2053457586681806848.html,2025-11-17 19:48:28
5,整租·绿地东岸涟城 1室1厅 南,2000 元/月,浦东-临港新城-绿地东岸涟城,74.64㎡,南,1室1厅1卫,低楼层                        （11层）,https://sh.lianjia.com/zufang/SH2052267807290163200.html,2025-11-17 19:48:28
5,整租·星瀚璟庭 3室2厅 南,4100 元/月,浦东-临港新城-星瀚璟庭,142.79㎡,南,3室2厅2卫,低楼层                        （18层）,https://sh.lianjia.com/zufang/SH2056217379255353344.html,2025-11-17 19:48:28
5,整租·星瀚璟庭 3室2厅 南,3500 元/月,浦东-临港新城-星瀚璟庭,98.54㎡,南,3室2厅2卫,低楼层                        （18层）,https://sh.lianjia.com/zufang/SH2056567535733571584.html,2025-11-17 19:48:28
5,整租·万科金域澜湾 3室2厅 复式 南,10000 元/月,浦东-临港新城-万科金域澜湾,163.68㎡,南,3室2厅3卫,低楼层                        （1层）,https://sh.lianjia.com/zufang/SH2055595869448699904.html,2025-11-17 19:48:28
5,整租·金融湾晶珏 3室2厅 南,3600 元/月,浦东-临港新城-金融湾晶珏,98.81㎡,南,3室2厅2卫,低楼层                        （14层）,https://sh.lianjia.com/zufang/SH2056381706461511680.html,2025-11-17 19:48:28
5,整租·海上风华 3室1厅 南,3200 元/月,浦东-临港新城-海上风华,90.89㎡,南,3室1厅3卫,中楼层                        （5层）,https://sh.lianjia.com/zufang/SH2056673558968401920.html,2025-11-17 19:48:28
5,整租·大名城映晖 4室2厅 南,5500 元/月,浦东-临港新城-大名城映晖,119.66㎡,南,4室2厅2卫,低楼层                        （8层）,https://sh.lianjia.com/zufang/SH2058779036821225472.html,2025-11-17 19:48:28
5,整租·保利蔚蓝林语 5室2厅 复式 南,5300 元/月,浦东-临港新城-保利蔚蓝林语,152.39㎡,南,5室2厅2卫,低楼层                        （4层）,https://sh.lianjia.com/zufang/SH2057352933497896960.html,2025-11-17 19:48:28
5,整租·绿地东岸涟城 4室2厅 南,6100 元/月,浦东-临港新城-绿地东岸涟城,196.00㎡,南,4室2厅3卫,中楼层                        （4层）,https://sh.lianjia.com/zufang/SH2059104809679585280.html,2025-11-17 19:48:28
5,整租·临港天宸 3室2厅 南/北,3000 元/月,浦东-临港新城-临港天宸,98.78㎡,南 北,3室2厅2卫,高楼层                        （23层）,https://sh.lianjia.com/zufang/SH2059917501281599488.html,2025-11-17 19:48:28
5,整租·陆家嘴滴水涟岸一期 2室2厅 南,3800 元/月,浦东-临港新城-陆家嘴滴水涟岸一期,85.64㎡,南,2室2厅2卫,低楼层                        （14层）,https://sh.lianjia.com/zufang/SH2061673660292268032.html,2025-11-17 19:48:28
5,整租·碧云壹零 4室2厅 南,27000 元/月,浦东-临港新城-碧云壹零,413.80㎡,南,4室2厅2卫,低楼层                        （2层）,https://sh.lianjia.com/zufang/SH2061357689283280896.html,2025-11-17 19:48:28
5,整租·星瀚璟庭 3室2厅 南,3200 元/月,浦东-临港新城-星瀚璟庭,97.58㎡,南,3室2厅2卫,低楼层                        （18层）,https://sh.lianjia.com/zufang/SH2062425399782014976.html,2025-11-17 19:48:28
5,整租·保利蔚蓝林语 4室2厅 南,4500 元/月,浦东-临港新城-保利蔚蓝林语,153.06㎡,南,4室2厅3卫,低楼层                        （4层）,https://sh.lianjia.com/zufang/SH2062513742435844096.html,2025-11-17 19:48:28
5,整租·保利玲珑公馆 3室1厅 南/北,3000 元/月,浦东-临港新城-保利玲珑公馆,91.07㎡,南 北,3室1厅2卫,高楼层                        （14层）,https://sh.lianjia.com/zufang/SH2062452753912823808.html,2025-11-17 19:48:28
5,整租·绿地临港家园（海洋小区） 2室2厅 南,2350 元/月,浦东-临港新城-绿地临港家园（海洋小区）,96.81㎡,南,2室2厅1卫,中楼层                        （4层）,https://sh.lianjia.com/zufang/SH2062478671003779072.html,2025-11-17 19:48:28
5,整租·海滨时代大厦 3室2厅 南/北,5600 元/月,浦东-临港新城-海滨时代大厦,106.00㎡,南 北,3室2厅2卫,高楼层                        （10层）,https://sh.lianjia.com/zufang/SH2064640978169364480.html,2025-11-17 19:48:28
5,整租·海滨时代大厦 2室1厅 南/北,2800 元/月,浦东-临港新城-海滨时代大厦,51.42㎡,南 北,2室1厅2卫,高楼层                        （10层）,https://sh.lianjia.com/zufang/SH2064642009418694656.html,2025-11-17 19:48:28
5,整租·朗诗里程 2室1厅 南/北,2500 元/月,浦东-临港新城-朗诗里程,77.66㎡,南 北,2室1厅1卫,低楼层                        （15层）,https://sh.lianjia.com/zufang/SH2065773544347795456.html,2025-11-17 19:48:28
5,整租·星瀚璟庭 3室2厅 南/北,3400 元/月,浦东-临港新城-星瀚璟庭,99.14㎡,南 北,3室2厅2卫,低楼层                        （18层）,https://sh.lianjia.com/zufang/SH2067090161212063744.html,2025-11-17 19:48:28
5,整租·宜浩佳园北区 2室2厅 南/北,2900 元/月,浦东-临港新城-宜浩佳园北区,110.42㎡,南 北,2室2厅2卫,高楼层                        （12层）,https://sh.lianjia.com/zufang/SH2067125974192881664.html,2025-11-17 19:48:28
5,整租·保利蔚蓝林语 3室2厅 南,3722 元/月,浦东-临港新城-保利蔚蓝林语,96.39㎡,南,3室2厅2卫,中楼层                        （14层）,https://sh.lianjia.com/zufang/SH2067060238271381504.html,2025-11-17 19:48:28
5,整租·东宸源著 3室1厅 南,3300 元/月,浦东-临港新城-东宸源著,129.08㎡,南,3室1厅2卫,中楼层                        （8层）,https://sh.lianjia.com/zufang/SH2067102750973362176.html,2025-11-17 19:48:28
5,整租·滴水湖馨苑三期 3室2厅 南,3000 元/月,浦东-临港新城-滴水湖馨苑三期,166.09㎡,南,3室2厅2卫,中楼层                        （11层）,https://sh.lianjia.com/zufang/SH2068234846689296384.html,2025-11-17 19:48:28
5,整租·大名城映玥 3室2厅 南,3800 元/月,浦东-临港新城-大名城映玥,96.35㎡,南,3室2厅2卫,高楼层                        （8层）,https://sh.lianjia.com/zufang/SH2068302560090914816.html,2025-11-17 19:48:28
6,整租·港城悦璟 3室2厅 南/北,3430 元/月,浦东-临港新城-港城悦璟,90.62㎡,南 北,3室2厅2卫,高楼层                        （8层）,https://sh.lianjia.com/zufang/SH2087412573421961216.html,2025-11-17 19:48:32
6,整租·金融湾晶珺 3室2厅 南/北,3400 元/月,浦东-临港新城-金融湾晶珺,98.94㎡,南 北,3室2厅2卫,中楼层                        （14层）,https://sh.lianjia.com/zufang/SH2087489105028972544.html,2025-11-17 19:48:32
6,整租·万科金域澜湾 2室2厅 南/北,3000 元/月,浦东-临港新城-万科金域澜湾,75.42㎡,南 北,2室2厅1卫,高楼层                        （8层）,https://sh.lianjia.com/zufang/SH2089319981685669888.html,2025-11-17 19:48:32
6,整租·东宸源著 2室1厅 南,2900 元/月,浦东-临港新城-东宸源著,77.65㎡,南,2室1厅1卫,中楼层                        （7层）,https://sh.lianjia.com/zufang/SH2090070591443828736.html,2025-11-17 19:48:32
6,整租·滴水湖馨苑一期 2室1厅 南/北,2700 元/月,浦东-临港新城-滴水湖馨苑一期,79.20㎡,南 北,2室1厅1卫,低楼层                        （4层）,https://sh.lianjia.com/zufang/SH2090714810760036352.html,2025-11-17 19:48:32
6,整租·上实望海 3室2厅 南,3500 元/月,浦东-临港新城-上实望海,120.36㎡,南,3室2厅2卫,低楼层                        （16层）,https://sh.lianjia.com/zufang/SH2091060364639731712.html,2025-11-17 19:48:32
6,整租·滴水湖馨苑一期 2室1厅 南,2300 元/月,浦东-临港新城-滴水湖馨苑一期,62.43㎡,南,2室1厅1卫,低楼层                        （5层）,https://sh.lianjia.com/zufang/SH2091172643490234368.html,2025-11-17 19:48:32
6,整租·碧云壹零 6室4厅 复式 南,19800 元/月,浦东-临港新城-碧云壹零,487.18㎡,南,6室4厅6卫,低楼层                        （3层）,https://sh.lianjia.com/zufang/SH2091383807906152448.html,2025-11-17 19:48:32
6,整租·保利铃兰公馆 3室2厅 南/北,3400 元/月,浦东-临港新城-保利铃兰公馆,89.95㎡,南 北,3室2厅2卫,低楼层                        （8层）,https://sh.lianjia.com/zufang/SH2092136596475215872.html,2025-11-17 19:48:32
6,整租·中建玖海云天 3室2厅 南,3500 元/月,浦东-临港新城-中建玖海云天,97.83㎡,南,3室2厅2卫,高楼层                        （18层）,https://sh.lianjia.com/zufang/SH2092132058410254336.html,2025-11-17 19:48:32
6,整租·临港家园 3室2厅 南/北,3600 元/月,浦东-临港新城-临港家园,153.49㎡,南 北,3室2厅2卫,高楼层                        （4层）,https://sh.lianjia.com/zufang/SH2092144247183507456.html,2025-11-17 19:48:32
6,整租·中建玖海云天 3室2厅 南,3800 元/月,浦东-临港新城-中建玖海云天,99.17㎡,南,3室2厅2卫,高楼层                        （17层）,https://sh.lianjia.com/zufang/SH2092239986614075392.html,2025-11-17 19:48:32
6,整租·万科金域澜湾鹭语墅 2室2厅 南,3000 元/月,浦东-临港新城-万科金域澜湾鹭语墅,80.07㎡,南,2室2厅1卫,高楼层                        （8层）,https://sh.lianjia.com/zufang/SH2092247003437203456.html,2025-11-17 19:48:32
6,整租·陆家嘴滴水涟岸一期 2室1厅 南/北,3500 元/月,浦东-临港新城-陆家嘴滴水涟岸一期,88.00㎡,南 北,2室1厅1卫,中楼层                        （14层）,https://sh.lianjia.com/zufang/SH2092511152264183808.html,2025-11-17 19:48:32
6,整租·星瀚璟庭 3室2厅 南/北,3200 元/月,浦东-临港新城-星瀚璟庭,99.00㎡,南 北,3室2厅2卫,中楼层                        （18层）,https://sh.lianjia.com/zufang/SH2092883564495372288.html,2025-11-17 19:48:32
6,整租·中建玖海云天 4室2厅 南/北,4370 元/月,浦东-临港新城-中建玖海云天,130.62㎡,南 北,4室2厅2卫,低楼层                        （18层）,https://sh.lianjia.com/zufang/SH2087046051054747648.html,2025-11-17 19:48:32
6,整租·陆家嘴滴水涟岸一期 2室2厅 南/北,4100 元/月,浦东-临港新城-陆家嘴滴水涟岸一期,87.98㎡,南 北,2室2厅2卫,低楼层                        （14层）,https://sh.lianjia.com/zufang/SH2087396989426728960.html,2025-11-17 19:48:32
6,整租·陆家嘴滴水涟岸二期 3室2厅 南/北,4000 元/月,浦东-临港新城-陆家嘴滴水涟岸二期,98.00㎡,南 北,3室2厅2卫,中楼层                        （12层）,https://sh.lianjia.com/zufang/SH2087399014952599552.html,2025-11-17 19:48:32
6,整租·临港十七区 2室1厅 南,2200 元/月,浦东-临港新城-临港十七区,50.36㎡,南,2室1厅2卫,高楼层                        （15层）,https://sh.lianjia.com/zufang/SH2088575034351157248.html,2025-11-17 19:48:32
6,整租·陆家嘴滴水涟岸二期 5室2厅 复式 东南/北,7000 元/月,浦东-临港新城-陆家嘴滴水涟岸二期,257.15㎡,东南 北,5室2厅3卫,低楼层                        （3层）,https://sh.lianjia.com/zufang/SH2088867809986609152.html,2025-11-17 19:48:32
6,整租·保利铃兰公馆 3室2厅 南,3000 元/月,浦东-临港新城-保利铃兰公馆,89.95㎡,南,3室2厅2卫,高楼层                        （8层）,https://sh.lianjia.com/zufang/SH2089273038678786048.html,2025-11-17 19:48:32
6,整租·临港家园 2室1厅 南/北,2400 元/月,浦东-临港新城-临港家园,91.64㎡,南 北,2室1厅1卫,中楼层                        （4层）,https://sh.lianjia.com/zufang/SH2089594380099780608.html,2025-11-17 19:48:32
6,整租·紫菁庭 3室2厅 南/北,3200 元/月,浦东-临港新城-紫菁庭,127.10㎡,南 北,3室2厅1卫,高楼层                        （13层）,https://sh.lianjia.com/zufang/SH2089593352298168320.html,2025-11-17 19:48:32
6,整租·万科金域澜湾 3室2厅 南,3000 元/月,浦东-临港新城-万科金域澜湾,106.00㎡,南,3室2厅2卫,中楼层                        （5层）,https://sh.lianjia.com/zufang/SH2089961586369232896.html,2025-11-17 19:48:32
6,整租·海上风华 2室2厅 复式 南,3150 元/月,浦东-临港新城-海上风华,90.55㎡,南,2室2厅2卫,中楼层                        （5层）,https://sh.lianjia.com/zufang/SH2090037624688345088.html,2025-11-17 19:48:32
6,整租·新芦苑 1室1厅 南,2000 元/月,浦东-临港新城-新芦苑,57.00㎡,南,1室1厅1卫,中楼层                        （4层）,https://sh.lianjia.com/zufang/SH2090430430988730368.html,2025-11-17 19:48:32
6,整租·中建锦绣熙岸 4室2厅 南/北,4600 元/月,浦东-临港新城-中建锦绣熙岸,157.53㎡,南 北,4室2厅2卫,高楼层                        （14层）,https://sh.lianjia.com/zufang/SH2091018538281074688.html,2025-11-17 19:48:32
6,整租·大名城映晖 3室2厅 南/北,3599 元/月,浦东-临港新城-大名城映晖,100.61㎡,南 北,3室2厅2卫,高楼层                        （12层）,https://sh.lianjia.com/zufang/SH2091415505775624192.html,2025-11-17 19:48:32
6,整租·滴水湖馨苑二期 6室2厅 复式 南,11000 元/月,浦东-临港新城-滴水湖馨苑二期,240.51㎡,南,6室2厅2卫,低楼层                        （1层）,https://sh.lianjia.com/zufang/SH2092094857232252928.html,2025-11-17 19:48:32
6,整租·海滨时代大厦 2室1厅 东,2500 元/月,浦东-临港新城-海滨时代大厦,65.00㎡,东,2室1厅2卫,高楼层                        （10层）,https://sh.lianjia.com/zufang/SH2092113445313839104.html,2025-11-17 19:48:32
7,整租·绿地东岸涟城 5室2厅 复式 南/北,6000 元/月,浦东-临港新城-绿地东岸涟城,210.05㎡,南 北,5室2厅3卫,低楼层                        （3层）,https://sh.lianjia.com/zufang/SH2087392408676335616.html,2025-11-17 19:48:34
7,整租·港城悦璟 3室2厅 南/北,3430 元/月,浦东-临港新城-港城悦璟,90.62㎡,南 北,3室2厅2卫,高楼层                        （8层）,https://sh.lianjia.com/zufang/SH2087412573421961216.html,2025-11-17 19:48:34
7,整租·金融湾晶珺 3室2厅 南/北,3400 元/月,浦东-临港新城-金融湾晶珺,98.94㎡,南 北,3室2厅2卫,中楼层                        （14层）,https://sh.lianjia.com/zufang/SH2087489105028972544.html,2025-11-17 19:48:34
7,整租·陆家嘴滴水涟岸二期 5室2厅 复式 东南/北,7000 元/月,浦东-临港新城-陆家嘴滴水涟岸二期,257.15㎡,东南 北,5室2厅3卫,低楼层                        （3层）,https://sh.lianjia.com/zufang/SH2088867809986609152.html,2025-11-17 19:48:34
7,整租·万科金域澜湾 2室2厅 南/北,3000 元/月,浦东-临港新城-万科金域澜湾,75.42㎡,南 北,2室2厅1卫,高楼层                        （8层）,https://sh.lianjia.com/zufang/SH2089319981685669888.html,2025-11-17 19:48:34
7,整租·万科金域澜湾 3室2厅 南,3000 元/月,浦东-临港新城-万科金域澜湾,106.00㎡,南,3室2厅2卫,中楼层                        （5层）,https://sh.lianjia.com/zufang/SH2089961586369232896.html,2025-11-17 19:48:34
7,整租·海上风华 2室2厅 复式 南,3150 元/月,浦东-临港新城-海上风华,90.55㎡,南,2室2厅2卫,中楼层                        （5层）,https://sh.lianjia.com/zufang/SH2090037624688345088.html,2025-11-17 19:48:34
7,整租·新芦苑 1室1厅 南,2000 元/月,浦东-临港新城-新芦苑,57.00㎡,南,1室1厅1卫,中楼层                        （4层）,https://sh.lianjia.com/zufang/SH2090430430988730368.html,2025-11-17 19:48:34
7,整租·滴水湖馨苑一期 2室1厅 南/北,2700 元/月,浦东-临港新城-滴水湖馨苑一期,79.20㎡,南 北,2室1厅1卫,低楼层                        （4层）,https://sh.lianjia.com/zufang/SH2090714810760036352.html,2025-11-17 19:48:34
7,整租·中建锦绣熙岸 4室2厅 南/北,4600 元/月,浦东-临港新城-中建锦绣熙岸,157.53㎡,南 北,4室2厅2卫,高楼层                        （14层）,https://sh.lianjia.com/zufang/SH2091018538281074688.html,2025-11-17 19:48:34
7,整租·上实望海 3室2厅 南,3500 元/月,浦东-临港新城-上实望海,120.36㎡,南,3室2厅2卫,低楼层                        （16层）,https://sh.lianjia.com/zufang/SH2091060364639731712.html,2025-11-17 19:48:34
7,整租·碧云壹零 6室4厅 复式 南,19800 元/月,浦东-临港新城-碧云壹零,487.18㎡,南,6室4厅6卫,低楼层                        （3层）,https://sh.lianjia.com/zufang/SH2091383807906152448.html,2025-11-17 19:48:34
7,整租·陆家嘴滴水涟岸一期 2室1厅 南/北,3500 元/月,浦东-临港新城-陆家嘴滴水涟岸一期,88.00㎡,南 北,2室1厅1卫,中楼层                        （14层）,https://sh.lianjia.com/zufang/SH2092511152264183808.html,2025-11-17 19:48:34
7,整租·万科金域澜湾 4室2厅 复式 东南,5000 元/月,浦东-临港新城-万科金域澜湾,140.83㎡,东南,4室2厅3卫,低楼层                        （4层）,https://sh.lianjia.com/zufang/SH2092538949120557056.html,2025-11-17 19:48:34
7,整租·东宸源著 3室2厅 南,3500 元/月,浦东-临港新城-东宸源著,92.00㎡,南,3室2厅1卫,低楼层                        （8层）,https://sh.lianjia.com/zufang/SH2093519548459253760.html,2025-11-17 19:48:34
7,整租·东宸源著 3室2厅 南/北,3500 元/月,浦东-临港新城-东宸源著,90.00㎡,南 北,3室2厅2卫,低楼层                        （8层）,https://sh.lianjia.com/zufang/SH2093637015311482880.html,2025-11-17 19:48:34
7,整租·雅戈尔 4室2厅 南/北,4000 元/月,浦东-临港新城-雅戈尔,140.17㎡,南 北,4室2厅2卫,高楼层                        （16层）,https://sh.lianjia.com/zufang/SH2093883290598506496.html,2025-11-17 19:48:34
7,整租·保利铃兰公馆 3室2厅 南,3000 元/月,浦东-临港新城-保利铃兰公馆,89.95㎡,南,3室2厅2卫,低楼层                        （8层）,https://sh.lianjia.com/zufang/SH2093912962333933568.html,2025-11-17 19:48:34
7,整租·滴水湖馨苑一期 2室1厅 南,1500 元/月,浦东-临港新城-滴水湖馨苑一期,67.12㎡,南,2室1厅1卫,中楼层                        （5层）,https://sh.lianjia.com/zufang/SH2093965863160905728.html,2025-11-17 19:48:34
7,整租·宜浩佳园南区 2室2厅 南/北,2500 元/月,浦东-临港新城-宜浩佳园南区,82.77㎡,南 北,2室2厅1卫,中楼层                        （4层）,https://sh.lianjia.com/zufang/SH2094367753614917632.html,2025-11-17 19:48:35
7,整租·宜浩佳园南区 2室2厅 南,2300 元/月,浦东-临港新城-宜浩佳园南区,78.17㎡,南,2室2厅1卫,中楼层                        （4层）,https://sh.lianjia.com/zufang/SH2094767205760630784.html,2025-11-17 19:48:35
7,整租·东宸源著 3室2厅 南,3200 元/月,浦东-临港新城-东宸源著,92.52㎡,南,3室2厅2卫,低楼层                        （8层）,https://sh.lianjia.com/zufang/SH2094745004416172032.html,2025-11-17 19:48:35
7,整租·万科金域澜湾鹭语墅 2室1厅 东南,2500 元/月,浦东-临港新城-万科金域澜湾鹭语墅,88.00㎡,东南,2室1厅1卫,低楼层                        （8层）,https://sh.lianjia.com/zufang/SH2094995329605697536.html,2025-11-17 19:48:35
7,整租·大名城映晖 3室2厅 南,3400 元/月,浦东-临港新城-大名城映晖,98.86㎡,南,3室2厅2卫,中楼层                        （12层）,https://sh.lianjia.com/zufang/SH2094745141431500800.html,2025-11-17 19:48:35
7,整租·紫菁庭 2室2厅 南/北,2700 元/月,浦东-临港新城-紫菁庭,85.58㎡,南 北,2室2厅1卫,低楼层                        （13层）,https://sh.lianjia.com/zufang/SH2095080096112050176.html,2025-11-17 19:48:35
7,整租·中建锦绣熙岸 3室1厅 南/北,2000 元/月,浦东-临港新城-中建锦绣熙岸,83.25㎡,南 北,3室1厅1卫,高楼层                        （14层）,https://sh.lianjia.com/zufang/SH2095488938331340800.html,2025-11-17 19:48:35
7,整租·海滨时代大厦 1室1厅 东/西,800 元/月,浦东-临港新城-海滨时代大厦,50.00㎡,东 西,1室1厅1卫,高楼层                        （10层）,https://sh.lianjia.com/zufang/SH2095859948964544512.html,2025-11-17 19:48:35
7,整租·海滨时代大厦 2室1厅 南,2000 元/月,浦东-临港新城-海滨时代大厦,57.57㎡,南,2室1厅1卫,中楼层                        （10层）,https://sh.lianjia.com/zufang/SH2095860022289367040.html,2025-11-17 19:48:35
7,整租·临港海滨国际花园 2室2厅 南/北,1700 元/月,浦东-临港新城-临港海滨国际花园,87.71㎡,南 北,2室2厅1卫,高楼层                        （13层）,https://sh.lianjia.com/zufang/SH2099045853359505408.html,2025-11-17 19:48:35
7,整租·宜浩佳园北区 1室2厅 南,2000 元/月,浦东-临港新城-宜浩佳园北区,76.43㎡,南,1室2厅1卫,中楼层                        （4层）,https://sh.lianjia.com/zufang/SH2099697189444911104.html,2025-11-17 19:48:35
8,整租·陆家嘴滴水涟岸二期 5室2厅 复式 东南/北,7000 元/月,浦东-临港新城-陆家嘴滴水涟岸二期,257.15㎡,东南 北,5室2厅3卫,低楼层                        （3层）,https://sh.lianjia.com/zufang/SH2088867809986609152.html,2025-11-17 19:48:37
8,整租·万科金域澜湾 3室2厅 南,3000 元/月,浦东-临港新城-万科金域澜湾,106.00㎡,南,3室2厅2卫,中楼层                        （5层）,https://sh.lianjia.com/zufang/SH2089961586369232896.html,2025-11-17 19:48:37
8,整租·海上风华 2室2厅 复式 南,3150 元/月,浦东-临港新城-海上风华,90.55㎡,南,2室2厅2卫,中楼层                        （5层）,https://sh.lianjia.com/zufang/SH2090037624688345088.html,2025-11-17 19:48:37
8,整租·东宸源著 2室1厅 南,2900 元/月,浦东-临港新城-东宸源著,77.65㎡,南,2室1厅1卫,中楼层                        （7层）,https://sh.lianjia.com/zufang/SH2090070591443828736.html,2025-11-17 19:48:37
8,整租·新芦苑 1室1厅 南,2000 元/月,浦东-临港新城-新芦苑,57.00㎡,南,1室1厅1卫,中楼层                        （4层）,https://sh.lianjia.com/zufang/SH2090430430988730368.html,2025-11-17 19:48:37
8,整租·滴水湖馨苑一期 2室1厅 南/北,2700 元/月,浦东-临港新城-滴水湖馨苑一期,79.20㎡,南 北,2室1厅1卫,低楼层                        （4层）,https://sh.lianjia.com/zufang/SH2090714810760036352.html,2025-11-17 19:48:37
8,整租·中建锦绣熙岸 4室2厅 南/北,4600 元/月,浦东-临港新城-中建锦绣熙岸,157.53㎡,南 北,4室2厅2卫,高楼层                        （14层）,https://sh.lianjia.com/zufang/SH2091018538281074688.html,2025-11-17 19:48:37
8,整租·碧云壹零 6室4厅 复式 南,19800 元/月,浦东-临港新城-碧云壹零,487.18㎡,南,6室4厅6卫,低楼层                        （3层）,https://sh.lianjia.com/zufang/SH2091383807906152448.html,2025-11-17 19:48:37
8,整租·滴水湖馨苑一期 2室1厅 南,2300 元/月,浦东-临港新城-滴水湖馨苑一期,62.43㎡,南,2室1厅1卫,低楼层                        （5层）,https://sh.lianjia.com/zufang/SH2091172643490234368.html,2025-11-17 19:48:37
8,整租·大名城映晖 3室2厅 南/北,3599 元/月,浦东-临港新城-大名城映晖,100.61㎡,南 北,3室2厅2卫,高楼层                        （12层）,https://sh.lianjia.com/zufang/SH2091415505775624192.html,2025-11-17 19:48:37
8,整租·滴水湖馨苑二期 6室2厅 复式 南,11000 元/月,浦东-临港新城-滴水湖馨苑二期,240.51㎡,南,6室2厅2卫,低楼层                        （1层）,https://sh.lianjia.com/zufang/SH2092094857232252928.html,2025-11-17 19:48:37
8,整租·海滨时代大厦 2室1厅 东,2500 元/月,浦东-临港新城-海滨时代大厦,65.00㎡,东,2室1厅2卫,高楼层                        （10层）,https://sh.lianjia.com/zufang/SH2092113445313839104.html,2025-11-17 19:48:37
8,整租·滴水湖馨苑一期 4室2厅 复式 南,4000 元/月,浦东-临港新城-滴水湖馨苑一期,149.42㎡,南,4室2厅2卫,中楼层                        （5层）,https://sh.lianjia.com/zufang/SH2092223255401201664.html,2025-11-17 19:48:37
8,整租·陆家嘴滴水涟岸一期 2室2厅 南,4000 元/月,浦东-临港新城-陆家嘴滴水涟岸一期,88.59㎡,南,2室2厅2卫,低楼层                        （14层）,https://sh.lianjia.com/zufang/SH2092491008930480128.html,2025-11-17 19:48:37
8,整租·陆家嘴滴水涟岸一期 2室1厅 南/北,3500 元/月,浦东-临港新城-陆家嘴滴水涟岸一期,88.00㎡,南 北,2室1厅1卫,中楼层                        （14层）,https://sh.lianjia.com/zufang/SH2092511152264183808.html,2025-11-17 19:48:37
8,整租·万科金域澜湾 4室2厅 复式 东南,5000 元/月,浦东-临港新城-万科金域澜湾,140.83㎡,东南,4室2厅3卫,低楼层                        （4层）,https://sh.lianjia.com/zufang/SH2092538949120557056.html,2025-11-17 19:48:37
8,整租·海芦汇鸣苑 2室2厅 南,1800 元/月,浦东-临港新城-海芦汇鸣苑,83.81㎡,南,2室2厅1卫,高楼层                        （4层）,https://sh.lianjia.com/zufang/SH2092546341543608320.html,2025-11-17 19:48:37
8,整租·鹏瑞云璟湾 3室2厅 南,3500 元/月,浦东-临港新城-鹏瑞云璟湾,100.00㎡,南,3室2厅2卫,低楼层                        （18层）,https://sh.lianjia.com/zufang/SH2097958951499857920.html,2025-11-17 19:48:37
8,整租·海滨时代大厦 2室1厅 北,1800 元/月,浦东-临港新城-海滨时代大厦,80.00㎡,北,2室1厅1卫,低楼层                        （10层）,https://sh.lianjia.com/zufang/SH2097980490806984704.html,2025-11-17 19:48:37
8,整租·滴水湖馨苑一期 2室2厅 南,3000 元/月,浦东-临港新城-滴水湖馨苑一期,78.00㎡,南,2室2厅1卫,低楼层                        （5层）,https://sh.lianjia.com/zufang/SH2098019000578473984.html,2025-11-17 19:48:37
8,整租·滴水湖馨苑一期 3室2厅 南/北,3200 元/月,浦东-临港新城-滴水湖馨苑一期,88.11㎡,南 北,3室2厅1卫,低楼层                        （4层）,https://sh.lianjia.com/zufang/SH2098301086291984384.html,2025-11-17 19:48:37
8,整租·碧云壹零 4室2厅 复式 南/北,4500 元/月,浦东-临港新城-碧云壹零,266.38㎡,南 北,4室2厅2卫,低楼层                        （11层）,https://sh.lianjia.com/zufang/SH2098353756159606784.html,2025-11-17 19:48:37
8,整租·东宸源著 3室2厅 南,4000 元/月,浦东-临港新城-东宸源著,92.72㎡,南,3室2厅2卫,中楼层                        （8层）,https://sh.lianjia.com/zufang/SH2098347344746512384.html,2025-11-17 19:48:37
8,整租·宜浩佳园北区 2室2厅 南/北,2600 元/月,浦东-临港新城-宜浩佳园北区,82.96㎡,南 北,2室2厅1卫,高楼层                        （4层）,https://sh.lianjia.com/zufang/SH2098388265320054784.html,2025-11-17 19:48:37
8,整租·新芦苑 2室1厅 南/北,2300 元/月,浦东-临港新城-新芦苑,85.00㎡,南 北,2室1厅1卫,低楼层                        （6层）,https://sh.lianjia.com/zufang/SH2098654269820370944.html,2025-11-17 19:48:37
8,整租·保利玲珑公馆 3室1厅 南/北,3200 元/月,浦东-临港新城-保利玲珑公馆,91.07㎡,南 北,3室1厅2卫,低楼层                        （14层）,https://sh.lianjia.com/zufang/SH2098744760465358848.html,2025-11-17 19:48:37
8,整租·大名城映玥 3室2厅 南/北,3200 元/月,浦东-临港新城-大名城映玥,96.35㎡,南 北,3室2厅2卫,低楼层                        （8层）,https://sh.lianjia.com/zufang/SH1908038619675754496.html,2025-11-17 19:48:37
8,整租·万科金域澜湾 3室2厅 复式 南,20000 元/月,浦东-临港新城-万科金域澜湾,163.68㎡,南,3室2厅3卫,低楼层                        （1层）,https://sh.lianjia.com/zufang/SH1933718631477149696.html,2025-11-17 19:48:37
8,整租·宜浩佳园北区 3室2厅 南,3000 元/月,浦东-临港新城-宜浩佳园北区,83.00㎡,南,3室2厅1卫,高楼层                        （4层）,https://sh.lianjia.com/zufang/SH2097276661115387904.html,2025-11-17 19:48:37
8,整租·鹏瑞云璟湾 3室1厅 南,3600 元/月,浦东-临港新城-鹏瑞云璟湾,97.99㎡,南,3室1厅2卫,高楼层                        （18层）,https://sh.lianjia.com/zufang/SH2097722947803283456.html,2025-11-17 19:48:37
9,整租·滴水湖馨苑二期 2室2厅 南/北,1500 元/月,浦东-临港新城-滴水湖馨苑二期,76.23㎡,南 北,2室2厅1卫,中楼层                        （5层）,https://sh.lianjia.com/zufang/SH2100213158097453056.html,2025-11-17 19:48:41
9,整租·滴水湖馨苑三期 3室2厅 南,5000 元/月,浦东-临港新城-滴水湖馨苑三期,189.05㎡,南,3室2厅2卫,中楼层                        （11层）,https://sh.lianjia.com/zufang/SH2100485805133791232.html,2025-11-17 19:48:41
9,整租·海汇长风苑 3室1厅 南/北,2800 元/月,浦东-临港新城-海汇长风苑,123.86㎡,南 北,3室1厅1卫,低楼层                        （6层）,https://sh.lianjia.com/zufang/SH2100809548708184064.html,2025-11-17 19:48:41
9,整租·临港新世界休闲广场 1室1厅 南/北,2300 元/月,浦东-临港新城-临港新世界休闲广场,55.00㎡,南 北,1室1厅1卫,中楼层                        （9层）,https://sh.lianjia.com/zufang/SH2100872558462107648.html,2025-11-17 19:48:41
9,整租·鹏瑞云璟湾 3室1厅 南,3600 元/月,浦东-临港新城-鹏瑞云璟湾,97.99㎡,南,3室1厅2卫,高楼层                        （18层）,https://sh.lianjia.com/zufang/SH2097722947803283456.html,2025-11-17 19:48:41
9,整租·临港家园 3室2厅 南/北,3800 元/月,浦东-临港新城-临港家园,135.00㎡,南 北,3室2厅1卫,中楼层                        （4层）,https://sh.lianjia.com/zufang/SH2098740812438306816.html,2025-11-17 19:48:41
9,整租·临港家园 2室2厅 南/北,2500 元/月,浦东-临港新城-临港家园,86.00㎡,南 北,2室2厅1卫,中楼层                        （4层）,https://sh.lianjia.com/zufang/SH2099040870375358464.html,2025-11-17 19:48:41
9,整租·临港海滨国际花园 2室2厅 南/北,1700 元/月,浦东-临港新城-临港海滨国际花园,87.71㎡,南 北,2室2厅1卫,高楼层                        （13层）,https://sh.lianjia.com/zufang/SH2099045853359505408.html,2025-11-17 19:48:41
9,整租·宜浩佳园北区 1室2厅 南,2000 元/月,浦东-临港新城-宜浩佳园北区,76.43㎡,南,1室2厅1卫,中楼层                        （4层）,https://sh.lianjia.com/zufang/SH2099697189444911104.html,2025-11-17 19:48:41
9,整租·万达钻石湾 3室2厅 南/北,3200 元/月,浦东-临港新城-万达钻石湾,96.87㎡,南 北,3室2厅2卫,中楼层                        （17层）,https://sh.lianjia.com/zufang/SH2099709008125362176.html,2025-11-17 19:48:41
9,整租·绿地蓝海庭 1室1厅 南,1600 元/月,浦东-临港新城-绿地蓝海庭,50.00㎡,南,1室1厅1卫,高楼层                        （5层）,https://sh.lianjia.com/zufang/SH2100065709890469888.html,2025-11-17 19:48:41
9,整租·保利蔚蓝林语 3室2厅 南/北,3500 元/月,浦东-临港新城-保利蔚蓝林语,96.25㎡,南 北,3室2厅2卫,中楼层                        （14层）,https://sh.lianjia.com/zufang/SH2100160127888785408.html,2025-11-17 19:48:41
9,整租·海芦汇鸣苑 2室1厅 南/北,1800 元/月,浦东-临港新城-海芦汇鸣苑,65.00㎡,南 北,2室1厅1卫,中楼层                        （4层）,https://sh.lianjia.com/zufang/SH2100142374142345216.html,2025-11-17 19:48:41
9,整租·保利铃兰公馆 3室2厅 南,3600 元/月,浦东-临港新城-保利铃兰公馆,90.00㎡,南,3室2厅2卫,低楼层                        （8层）,https://sh.lianjia.com/zufang/SH2087099925081882624.html,2025-11-17 19:48:41
9,整租·临港十七区 1室1厅 东,1700 元/月,浦东-临港新城-临港十七区,37.00㎡,东,1室1厅1卫,中楼层                        （21层）,https://sh.lianjia.com/zufang/SH2086715391651872768.html,2025-11-17 19:48:41
9,整租·万科金域澜湾鹭语墅 3室1厅 东南,3800 元/月,浦东-临港新城-万科金域澜湾鹭语墅,88.00㎡,东南,3室1厅2卫,中楼层                        （4层）,https://sh.lianjia.com/zufang/SH2003783221447229440.html,2025-11-17 19:48:41
9,整租·保利玲珑公馆 3室2厅 南/北,2500 元/月,浦东-临港新城-保利玲珑公馆,91.07㎡,南 北,3室2厅2卫,中楼层                        （14层）,https://sh.lianjia.com/zufang/SH2051852970777116672.html,2025-11-17 19:48:41
9,整租·鹏瑞云璟湾 3室2厅 南,3200 元/月,浦东-临港新城-鹏瑞云璟湾,89.15㎡,南,3室2厅1卫,中楼层                        （18层）,https://sh.lianjia.com/zufang/SH2096952053120106496.html,2025-11-17 19:48:41
9,整租·临港十七区 1室1厅 北,1800 元/月,浦东-临港新城-临港十七区,32.00㎡,北,1室1厅1卫,中楼层                        （15层）,https://sh.lianjia.com/zufang/SH2098991278019575808.html,2025-11-17 19:48:41
9,整租·宜浩佳园北区 1室2厅 南,2100 元/月,浦东-临港新城-宜浩佳园北区,77.00㎡,南,1室2厅1卫,中楼层                        （4层）,https://sh.lianjia.com/zufang/SH2080225051726053376.html,2025-11-17 19:48:41
9,整租·鹏瑞云璟湾 3室1厅 南/北,3300 元/月,浦东-临港新城-鹏瑞云璟湾,89.00㎡,南 北,3室1厅2卫,高楼层                        （18层）,https://sh.lianjia.com/zufang/SH2099448725632974848.html,2025-11-17 19:48:41
9,整租·中国中铁诺德璟宸 3室2厅 南,3600 元/月,浦东-临港新城-中国中铁诺德璟宸,88.91㎡,南,3室2厅1卫,低楼层                        （17层）,https://sh.lianjia.com/zufang/SH2072995866607616000.html,2025-11-17 19:48:41
9,整租·保利铃兰公馆 3室2厅 南,4200 元/月,浦东-临港新城-保利铃兰公馆,90.00㎡,南,3室2厅2卫,中楼层                        （8层）,https://sh.lianjia.com/zufang/SH2072958025655648256.html,2025-11-17 19:48:41
9,整租·紫菁庭 3室2厅 南,2800 元/月,浦东-临港新城-紫菁庭,93.06㎡,南,3室2厅1卫,高楼层                        （13层）,https://sh.lianjia.com/zufang/SH2095127060472135680.html,2025-11-17 19:48:41
9,整租·保利玲珑公馆 3室2厅 南/北,3500 元/月,浦东-临港新城-保利玲珑公馆,91.07㎡,南 北,3室2厅2卫,低楼层                        （14层）,https://sh.lianjia.com/zufang/SH2093643145018343424.html,2025-11-17 19:48:41
9,整租·绿地东岸涟城 2室2厅 跃层 南/北,2000 元/月,浦东-临港新城-绿地东岸涟城,85.65㎡,南 北,2室2厅1卫,低楼层                        （5层）,https://sh.lianjia.com/zufang/SH2098019957617983488.html,2025-11-17 19:48:41
9,整租·绿地东岸涟城 2室2厅 南/北,1800 元/月,浦东-临港新城-绿地东岸涟城,88.23㎡,南 北,2室2厅1卫,高楼层                        （5层）,https://sh.lianjia.com/zufang/SH1861751927675551744.html,2025-11-17 19:48:41
9,整租·保利玲珑公馆 3室2厅 南/北,3550 元/月,浦东-临港新城-保利玲珑公馆,91.07㎡,南 北,3室2厅2卫,中楼层                        （14层）,https://sh.lianjia.com/zufang/SH1969068972284313600.html,2025-11-17 19:48:41
9,整租·碧云壹零 2室2厅 南,5500 元/月,浦东-临港新城-碧云壹零,186.30㎡,南,2室2厅2卫,中楼层                        （11层）,https://sh.lianjia.com/zufang/SH2073646030456356864.html,2025-11-17 19:48:41
9,整租·雅戈尔 3室2厅 南,3600 元/月,浦东-临港新城-雅戈尔,99.88㎡,南,3室2厅2卫,高楼层                        （16层）,https://sh.lianjia.com/zufang/SH2037114928682237952.html,2025-11-17 19:48:41
11,整租·滴水湖馨苑一期 3室2厅 南,3100 元/月,浦东-临港新城-滴水湖馨苑一期,90.00㎡,南,3室2厅1卫,中楼层                        （4层）,https://sh.lianjia.com/zufang/SH2076923713873248256.html,2025-11-17 19:48:47
11,整租·中建玖海云天 3室2厅 南/北,3500 元/月,浦东-临港新城-中建玖海云天,97.80㎡,南 北,3室2厅2卫,中楼层                        （18层）,https://sh.lianjia.com/zufang/SH2090329058373009408.html,2025-11-17 19:48:47
11,整租·渔港路213弄 2室1厅 南/北,2000 元/月,浦东-临港新城-渔港路213弄,86.00㎡,南 北,2室1厅1卫,中楼层                        （12层）,https://sh.lianjia.com/zufang/SH2099499534274002944.html,2025-11-17 19:48:47
11,整租·绿地东岸涟城 1室1厅 南,2000 元/月,浦东-临港新城-绿地东岸涟城,52.15㎡,南,1室1厅1卫,低楼层                        （11层）,https://sh.lianjia.com/zufang/SH2099704326334185472.html,2025-11-17 19:48:47
11,整租·宏兆锦庭 1室1厅 南,2500 元/月,浦东-临港新城-宏兆锦庭,51.24㎡,南,1室1厅1卫,低楼层                        （7层）,https://sh.lianjia.com/zufang/SH2100876527762669568.html,2025-11-17 19:48:47
11,整租·湖滨天地 1室1厅 南,2200 元/月,浦东-临港新城-湖滨天地,61.89㎡,南,1室1厅1卫,高楼层                        （7层）,https://sh.lianjia.com/zufang/SH2096868708445061120.html,2025-11-17 19:48:47
11,整租·紫菁庭 3室1厅 南,2650 元/月,浦东-临港新城-紫菁庭,96.74㎡,南,3室1厅1卫,中楼层                        （12层）,https://sh.lianjia.com/zufang/SH2079109817103810560.html,2025-11-17 19:48:47
11,整租·湖滨天地 2室2厅 南,2988 元/月,浦东-临港新城-湖滨天地,87.58㎡,南,2室2厅1卫,中楼层                        （5层）,https://sh.lianjia.com/zufang/SH2091375283738247168.html,2025-11-17 19:48:47
11,整租·宜浩佳园南区 1室2厅 南,2000 元/月,浦东-临港新城-宜浩佳园南区,74.86㎡,南,1室2厅1卫,中楼层                        （4层）,https://sh.lianjia.com/zufang/SH2098272376310464512.html,2025-11-17 19:48:47
11,整租·万科金域澜湾鹭语墅 2室1厅 南,3500 元/月,浦东-临港新城-万科金域澜湾鹭语墅,80.80㎡,南,2室1厅1卫,高楼层                        （8层）,https://sh.lianjia.com/zufang/SH2092488675425255424.html,2025-11-17 19:48:47
11,整租·雅戈尔 4室2厅 南/北,5000 元/月,浦东-临港新城-雅戈尔,138.86㎡,南 北,4室2厅2卫,低楼层                        （16层）,https://sh.lianjia.com/zufang/SH2088851733370372096.html,2025-11-17 19:48:47
11,整租·新芦苑 2室1厅 南/北,2500 元/月,浦东-临港新城-新芦苑,83.00㎡,南 北,2室1厅1卫,中楼层                        （4层）,https://sh.lianjia.com/zufang/SH2100810810094780416.html,2025-11-17 19:48:47
11,整租·大名城映晖 3室2厅 南,3200 元/月,浦东-临港新城-大名城映晖,100.72㎡,南,3室2厅2卫,中楼层                        （8层）,https://sh.lianjia.com/zufang/SH2041491740283633664.html,2025-11-17 19:48:47
11,整租·宜浩佳园北区 2室1厅 南,2100 元/月,浦东-临港新城-宜浩佳园北区,82.00㎡,南,2室1厅1卫,中楼层                        （4层）,https://sh.lianjia.com/zufang/SH2077296538014449664.html,2025-11-17 19:48:47
11,整租·上实望海 3室2厅 南/北,3800 元/月,浦东-临港新城-上实望海,100.14㎡,南 北,3室2厅2卫,中楼层                        （16层）,https://sh.lianjia.com/zufang/SH2090719793324752896.html,2025-11-17 19:48:47
11,整租·滴水湖馨苑创馨派 1室1厅 南,2100 元/月,浦东-临港新城-滴水湖馨苑创馨派,45.35㎡,南,1室1厅1卫,中楼层                        （6层）,https://sh.lianjia.com/zufang/SH2064955751058636800.html,2025-11-17 19:48:47
11,整租·星瀚璟庭 3室2厅 南/北,3200 元/月,浦东-临港新城-星瀚璟庭,97.40㎡,南 北,3室2厅2卫,低楼层                        （18层）,https://sh.lianjia.com/zufang/SH2069392732182282240.html,2025-11-17 19:48:47
11,整租·万科金域澜湾 3室2厅 南,3600 元/月,浦东-临港新城-万科金域澜湾,90.00㎡,南,3室2厅2卫,中楼层                        （8层）,https://sh.lianjia.com/zufang/SH1998240889222201344.html,2025-11-17 19:48:47
11,整租·大名城映晖 3室2厅 南/北,3800 元/月,浦东-临港新城-大名城映晖,97.14㎡,南 北,3室2厅2卫,高楼层                        （8层）,https://sh.lianjia.com/zufang/SH2093577340964569088.html,2025-11-17 19:48:47
11,整租·港城·悦领 3室2厅 南/北,6300 元/月,浦东-临港新城-港城·悦领,100.30㎡,南 北,3室2厅2卫,低楼层                        （13层）,https://sh.lianjia.com/zufang/SH2081953102855929856.html,2025-11-17 19:48:47
11,整租·临港十七区 1室1厅 南,800 元/月,浦东-临港新城-临港十七区,53.08㎡,南,1室1厅1卫,中楼层                        （15层）,https://sh.lianjia.com/zufang/SH2101288931885580288.html,2025-11-17 19:48:47
11,整租·临港新世界休闲广场 1室1厅 南,1600 元/月,浦东-临港新城-临港新世界休闲广场,42.00㎡,南,1室1厅1卫,中楼层                        （7层）,https://sh.lianjia.com/zufang/SH2055141436306751488.html,2025-11-17 19:48:47
11,整租·绿地临港家园（海洋小区） 3室2厅 南/西南,3600 元/月,浦东-临港新城-绿地临港家园（海洋小区）,144.47㎡,南 西南,3室2厅2卫,中楼层                        （4层）,https://sh.lianjia.com/zufang/SH2098978315997020160.html,2025-11-17 19:48:47
11,整租·保利玲珑公馆 3室2厅 南/北,3200 元/月,浦东-临港新城-保利玲珑公馆,88.85㎡,南 北,3室2厅2卫,低楼层                        （11层）,https://sh.lianjia.com/zufang/SH2062160320821985280.html,2025-11-17 19:48:47
11,整租·保利玲珑公馆 3室2厅 南/北,3000 元/月,浦东-临港新城-保利玲珑公馆,91.07㎡,南 北,3室2厅2卫,低楼层                        （14层）,https://sh.lianjia.com/zufang/SH2086649010960990208.html,2025-11-17 19:48:47
11,整租·绿地东岸涟城 2室2厅 南/北,2500 元/月,浦东-临港新城-绿地东岸涟城,83.99㎡,南 北,2室2厅1卫,中楼层                        （12层）,https://sh.lianjia.com/zufang/SH2087890928176988160.html,2025-11-17 19:48:47
11,整租·万科金域澜湾 3室2厅 南,3000 元/月,浦东-临港新城-万科金域澜湾,90.57㎡,南,3室2厅2卫,低楼层                        （8层）,https://sh.lianjia.com/zufang/SH2055127391881134080.html,2025-11-17 19:48:47
11,整租·东宸源著 3室2厅 南,3500 元/月,浦东-临港新城-东宸源著,92.70㎡,南,3室2厅2卫,低楼层                        （8层）,https://sh.lianjia.com/zufang/SH2090381946424131584.html,2025-11-17 19:48:47
11,整租·湖滨天地 1室1厅 南,1800 元/月,浦东-临港新城-湖滨天地,61.89㎡,南,1室1厅1卫,中楼层                        （7层）,https://sh.lianjia.com/zufang/SH2100180690443173888.html,2025-11-17 19:48:47
11,整租·保利玲珑公馆 3室1厅 南/北,3000 元/月,浦东-临港新城-保利玲珑公馆,91.07㎡,南 北,3室1厅2卫,高楼层                        （14层）,https://sh.lianjia.com/zufang/SH2005846542090502144.html,2025-11-17 19:48:47
12,整租·保利玲珑公馆 3室2厅 南/北,3000 元/月,浦东-临港新城-保利玲珑公馆,91.07㎡,南 北,3室2厅2卫,低楼层                        （14层）,https://sh.lianjia.com/zufang/SH2086649010960990208.html,2025-11-17 19:48:50
12,整租·绿地东岸涟城 2室2厅 南/北,2500 元/月,浦东-临港新城-绿地东岸涟城,83.99㎡,南 北,2室2厅1卫,中楼层                        （12层）,https://sh.lianjia.com/zufang/SH2087890928176988160.html,2025-11-17 19:48:50
12,整租·万科金域澜湾 3室2厅 南,3000 元/月,浦东-临港新城-万科金域澜湾,90.57㎡,南,3室2厅2卫,低楼层                        （8层）,https://sh.lianjia.com/zufang/SH2055127391881134080.html,2025-11-17 19:48:50
12,整租·东宸源著 3室2厅 南,3500 元/月,浦东-临港新城-东宸源著,92.70㎡,南,3室2厅2卫,低楼层                        （8层）,https://sh.lianjia.com/zufang/SH2090381946424131584.html,2025-11-17 19:48:50
12,整租·湖滨天地 1室1厅 南,1800 元/月,浦东-临港新城-湖滨天地,61.89㎡,南,1室1厅1卫,中楼层                        （7层）,https://sh.lianjia.com/zufang/SH2100180690443173888.html,2025-11-17 19:48:50
12,整租·保利玲珑公馆 3室1厅 南/北,3000 元/月,浦东-临港新城-保利玲珑公馆,91.07㎡,南 北,3室1厅2卫,高楼层                        （14层）,https://sh.lianjia.com/zufang/SH2005846542090502144.html,2025-11-17 19:48:50
12,整租·万科金域澜湾鹭语墅 2室1厅 复式 东南,4000 元/月,浦东-临港新城-万科金域澜湾鹭语墅,87.74㎡,东南,2室1厅2卫,中楼层                        （4层）,https://sh.lianjia.com/zufang/SH2096940879586525184.html,2025-11-17 19:48:50
12,整租·绿地蓝海庭 1室1厅 南,1900 元/月,浦东-临港新城-绿地蓝海庭,58.04㎡,南,1室1厅1卫,中楼层                        （5层）,https://sh.lianjia.com/zufang/SH2075935405135364096.html,2025-11-17 19:48:50
12,整租·保利玲珑公馆 3室2厅 南/北,3500 元/月,浦东-临港新城-保利玲珑公馆,91.07㎡,南 北,3室2厅2卫,中楼层                        （14层）,https://sh.lianjia.com/zufang/SH2082427999570886656.html,2025-11-17 19:48:50
12,整租·万科金域澜湾 3室2厅 南/北,3600 元/月,浦东-临港新城-万科金域澜湾,89.88㎡,南 北,3室2厅2卫,高楼层                        （8层）,https://sh.lianjia.com/zufang/SH2055564970866769920.html,2025-11-17 19:48:50
12,整租·中建玖海云天 3室2厅 南/北,3500 元/月,浦东-临港新城-中建玖海云天,91.44㎡,南 北,3室2厅2卫,高楼层                        （18层）,https://sh.lianjia.com/zufang/SH2098391610017447936.html,2025-11-17 19:48:50
12,整租·绿地东岸涟城 2室2厅 南/北,2400 元/月,浦东-临港新城-绿地东岸涟城,88.00㎡,南 北,2室2厅1卫,低楼层                        （11层）,https://sh.lianjia.com/zufang/SH2034140365446971392.html,2025-11-17 19:48:50
12,整租·滴水湖馨苑一期 3室2厅 南/北,3200 元/月,浦东-临港新城-滴水湖馨苑一期,91.23㎡,南 北,3室2厅2卫,中楼层                        （5层）,https://sh.lianjia.com/zufang/SH2098310167664787456.html,2025-11-17 19:48:50
12,整租·绿地东岸涟城 2室2厅 东南/南,2880 元/月,浦东-临港新城-绿地东岸涟城,86.00㎡,东南 南,2室2厅1卫,高楼层                        （12层）,https://sh.lianjia.com/zufang/SH2083047680598081536.html,2025-11-17 19:48:50
12,整租·保利铃兰公馆 4室2厅 南,5500 元/月,浦东-临港新城-保利铃兰公馆,119.87㎡,南,4室2厅3卫,低楼层                        （3层）,https://sh.lianjia.com/zufang/SH2099786590267113472.html,2025-11-17 19:48:50
12,整租·鹏瑞云璟湾 4室2厅 南/北,5500 元/月,浦东-临港新城-鹏瑞云璟湾,130.72㎡,南 北,4室2厅2卫,高楼层                        （11层）,https://sh.lianjia.com/zufang/SH2091831542077718528.html,2025-11-17 19:48:50
12,整租·万科金域澜湾 3室2厅 南/北,4800 元/月,浦东-临港新城-万科金域澜湾,106.60㎡,南 北,3室2厅2卫,中楼层                        （5层）,https://sh.lianjia.com/zufang/SH2059471488607584256.html,2025-11-17 19:48:50
12,整租·临港首府 4室2厅 南/北,7000 元/月,浦东-临港新城-临港首府,445.79㎡,南 北,4室2厅3卫,低楼层                        （1层）,https://sh.lianjia.com/zufang/SH2097543227186872320.html,2025-11-17 19:48:50
12,整租·宜浩佳园北区 2室2厅 南/北,2800 元/月,浦东-临港新城-宜浩佳园北区,110.42㎡,南 北,2室2厅2卫,高楼层                        （12层）,https://sh.lianjia.com/zufang/SH2050780252828860416.html,2025-11-17 19:48:50
12,整租·碧云壹零 3室2厅 南/北,12800 元/月,浦东-临港新城-碧云壹零,159.38㎡,南 北,3室2厅2卫,低楼层                        （11层）,https://sh.lianjia.com/zufang/SH2036678947407659008.html,2025-11-17 19:48:50
12,整租·滴水湖馨苑创馨派 1室1厅 南,2300 元/月,浦东-临港新城-滴水湖馨苑创馨派,43.50㎡,南,1室1厅1卫,中楼层                        （6层）,https://sh.lianjia.com/zufang/SH2100573732056596480.html,2025-11-17 19:48:50
12,整租·绿地临港家园（海洋小区） 3室2厅 南/北,2800 元/月,浦东-临港新城-绿地临港家园（海洋小区）,116.91㎡,南 北,3室2厅1卫,低楼层                        （4层）,https://sh.lianjia.com/zufang/SH2098697349722275840.html,2025-11-17 19:48:50
12,整租·绿地东岸涟城 2室2厅 南/北,2700 元/月,浦东-临港新城-绿地东岸涟城,90.00㎡,南 北,2室2厅1卫,中楼层                        （5层）,https://sh.lianjia.com/zufang/SH2070026467223273472.html,2025-11-17 19:48:50
12,整租·磐达华庭 1室1厅 南,2400 元/月,浦东-临港新城-磐达华庭,67.27㎡,南,1室1厅1卫,高楼层                        （6层）,https://sh.lianjia.com/zufang/SH2081961537165066240.html,2025-11-17 19:48:50
12,整租·滴水湖馨苑创馨派 1室1厅 南,2000 元/月,浦东-临港新城-滴水湖馨苑创馨派,43.50㎡,南,1室1厅1卫,高楼层                        （6层）,https://sh.lianjia.com/zufang/SH2089282614438395904.html,2025-11-17 19:48:50
12,整租·临港十七区 1室1厅 北,2000 元/月,浦东-临港新城-临港十七区,36.00㎡,北,1室1厅1卫,中楼层                        （15层）,https://sh.lianjia.com/zufang/SH2100970162592153600.html,2025-11-17 19:48:50
12,整租·上实望海 3室2厅 南/北,3500 元/月,浦东-临港新城-上实望海,120.35㎡,南 北,3室2厅2卫,低楼层                        （16层）,https://sh.lianjia.com/zufang/SH2097994231258808320.html,2025-11-17 19:48:50
12,整租·中建玖海云天 3室2厅 南,3200 元/月,浦东-临港新城-中建玖海云天,98.89㎡,南,3室2厅2卫,中楼层                        （18层）,https://sh.lianjia.com/zufang/SH2087374308685905920.html,2025-11-17 19:48:50
12,整租·新芦苑 2室1厅 南/北,2500 元/月,浦东-临港新城-新芦苑,86.00㎡,南 北,2室1厅1卫,高楼层                        （11层）,https://sh.lianjia.com/zufang/SH2091842001434574848.html,2025-11-17 19:48:50
12,整租·绿地东岸涟城 4室2厅 南/北,6000 元/月,浦东-临港新城-绿地东岸涟城,211.00㎡,南 北,4室2厅3卫,低楼层                        （4层）,https://sh.lianjia.com/zufang/SH2095007266678767616.html,2025-11-17 19:48:50
14,整租·星瀚璟庭 3室2厅 南,3200 元/月,浦东-临港新城-星瀚璟庭,100.70㎡,南,3室2厅2卫,高楼层                        （18层）,https://sh.lianjia.com/zufang/SH2101292190218059776.html,2025-11-17 19:48:56
14,整租·中建玖海云天 3室2厅 南/北,3700 元/月,浦东-临港新城-中建玖海云天,99.87㎡,南 北,3室2厅2卫,中楼层                        （15层）,https://sh.lianjia.com/zufang/SH2100846820925112320.html,2025-11-17 19:48:56
14,整租·雅戈尔 3室2厅 南,3100 元/月,浦东-临港新城-雅戈尔,99.41㎡,南,3室2厅2卫,低楼层                        （16层）,https://sh.lianjia.com/zufang/SH2098337119331155968.html,2025-11-17 19:48:56
14,整租·万达钻石湾 2室2厅 南,2800 元/月,浦东-临港新城-万达钻石湾,75.25㎡,南,2室2厅1卫,低楼层                        （16层）,https://sh.lianjia.com/zufang/SH2079852361370566656.html,2025-11-17 19:48:56
14,整租·磐达华庭 2室1厅 南,2500 元/月,浦东-临港新城-磐达华庭,83.00㎡,南,2室1厅1卫,中楼层                        （6层）,https://sh.lianjia.com/zufang/SH2078458386331992064.html,2025-11-17 19:48:56
14,整租·绿地东岸涟城 2室1厅 复式 南/北,2600 元/月,浦东-临港新城-绿地东岸涟城,85.60㎡,南 北,2室1厅1卫,低楼层                        （5层）,https://sh.lianjia.com/zufang/SH2101524531121225728.html,2025-11-17 19:48:56
14,整租·万科金域澜湾 4室1厅 南,4200 元/月,浦东-临港新城-万科金域澜湾,140.00㎡,南,4室1厅3卫,低楼层                        （4层）,https://sh.lianjia.com/zufang/SH2025120461058211840.html,2025-11-17 19:48:56
14,整租·中建玖海云天 3室2厅 南,3000 元/月,浦东-临港新城-中建玖海云天,100.00㎡,南,3室2厅2卫,低楼层                        （17层）,https://sh.lianjia.com/zufang/SH2101287745484750848.html,2025-11-17 19:48:56
14,整租·滴水湖馨苑二期 4室2厅 南/北,7800 元/月,浦东-临港新城-滴水湖馨苑二期,182.21㎡,南 北,4室2厅2卫,低楼层                        （5层）,https://sh.lianjia.com/zufang/SH2072549414580256768.html,2025-11-17 19:48:56
14,整租·保利玲珑公馆 4室2厅 南/北,4500 元/月,浦东-临港新城-保利玲珑公馆,111.91㎡,南 北,4室2厅2卫,中楼层                        （11层）,https://sh.lianjia.com/zufang/SH1897851220345749504.html,2025-11-17 19:48:56
14,整租·龙光·天曜 3室2厅 南/北,3150 元/月,浦东-临港新城-龙光·天曜,86.00㎡,南 北,3室2厅1卫,高楼层                        （15层）,https://sh.lianjia.com/zufang/SH1973674051180167168.html,2025-11-17 19:48:56
14,整租·万科金域澜湾 3室2厅 南/北,3600 元/月,浦东-临港新城-万科金域澜湾,90.00㎡,南 北,3室2厅2卫,中楼层                        （8层）,https://sh.lianjia.com/zufang/SH1974801633862746112.html,2025-11-17 19:48:56
14,整租·万达钻石湾 3室2厅 南/北,3465 元/月,浦东-临港新城-万达钻石湾,96.00㎡,南 北,3室2厅2卫,低楼层                        （17层）,https://sh.lianjia.com/zufang/SH1977946941744480256.html,2025-11-17 19:48:56
14,整租·临港家园 2室2厅 南/北,2600 元/月,浦东-临港新城-临港家园,96.92㎡,南 北,2室2厅1卫,低楼层                        （13层）,https://sh.lianjia.com/zufang/SH1927745625420464128.html,2025-11-17 19:48:56
14,整租·东宸源著 4室2厅 复式 南,4830 元/月,浦东-临港新城-东宸源著,120.00㎡,南,4室2厅2卫,低楼层                        （4层）,https://sh.lianjia.com/zufang/SH1940450907665727488.html,2025-11-17 19:48:56
14,整租·绿地东岸涟城 3室1厅 南/北,2415 元/月,浦东-临港新城-绿地东岸涟城,82.86㎡,南 北,3室1厅2卫,中楼层                        （5层）,https://sh.lianjia.com/zufang/SH1951024085966258176.html,2025-11-17 19:48:56
14,整租·云上栖谷(清韵雅苑) 3室2厅 南,3570 元/月,浦东-临港新城-云上栖谷(清韵雅苑),102.00㎡,南,3室2厅1卫,高楼层                        （7层）,https://sh.lianjia.com/zufang/SH1959465884992929792.html,2025-11-17 19:48:56
14,整租·万达钻石湾 3室2厅 南,2919 元/月,浦东-临港新城-万达钻石湾,87.00㎡,南,3室2厅1卫,高楼层                        （17层）,https://sh.lianjia.com/zufang/SH2015243566971879424.html,2025-11-17 19:48:56
14,整租·上实望海 3室2厅 南,3255 元/月,浦东-临港新城-上实望海,100.00㎡,南,3室2厅2卫,高楼层                        （16层）,https://sh.lianjia.com/zufang/SH2014954385452302336.html,2025-11-17 19:48:56
14,整租·临港十七区 1室0厅 西,1575 元/月,浦东-临港新城-临港十七区,37.00㎡,西,1室0厅1卫,中楼层                        （21层）,https://sh.lianjia.com/zufang/SH2019704702928683008.html,2025-11-17 19:48:56
14,整租·绿地东岸涟城 1室1厅 南/北,2200 元/月,浦东-临港新城-绿地东岸涟城,52.00㎡,南 北,1室1厅1卫,中楼层                        （11层）,https://sh.lianjia.com/zufang/SH2022662249067315200.html,2025-11-17 19:48:56
14,整租·万科金域澜湾 2室2厅 南,3000 元/月,浦东-临港新城-万科金域澜湾,75.00㎡,南,2室2厅1卫,高楼层                        （8层）,https://sh.lianjia.com/zufang/SH2027344502355656704.html,2025-11-17 19:48:56
14,整租·滴水湖馨苑创馨派 1室1厅 南,2100 元/月,浦东-临港新城-滴水湖馨苑创馨派,42.00㎡,南,1室1厅1卫,高楼层                        （6层）,https://sh.lianjia.com/zufang/SH2029099033355616256.html,2025-11-17 19:48:56
14,整租·绿地东岸涟城 2室2厅 南/北,2310 元/月,浦东-临港新城-绿地东岸涟城,74.15㎡,南 北,2室2厅1卫,低楼层                        （11层）,https://sh.lianjia.com/zufang/SH2037562824267399168.html,2025-11-17 19:48:56
14,整租·宜浩佳园南区 3室2厅 南/北,3150 元/月,浦东-临港新城-宜浩佳园南区,118.45㎡,南 北,3室2厅2卫,低楼层                        （4层）,https://sh.lianjia.com/zufang/SH2038293763830317056.html,2025-11-17 19:48:56
14,整租·临港十七区 1室1厅 南,1470 元/月,浦东-临港新城-临港十七区,41.33㎡,南,1室1厅1卫,中楼层                        （21层）,https://sh.lianjia.com/zufang/SH2039379708939862016.html,2025-11-17 19:48:56
14,整租·港城悦庭 3室2厅 南/北,3570 元/月,浦东-临港新城-港城悦庭,92.00㎡,南 北,3室2厅2卫,中楼层                        （17层）,https://sh.lianjia.com/zufang/SH2049487693758332928.html,2025-11-17 19:48:56
14,整租·雅戈尔 3室2厅 南/北,2900 元/月,浦东-临港新城-雅戈尔,100.00㎡,南 北,3室2厅2卫,中楼层                        （16层）,https://sh.lianjia.com/zufang/SH2054176151487643648.html,2025-11-17 19:48:56
14,整租·绿地临港家园（海洋小区） 2室2厅 南/北,2580 元/月,浦东-临港新城-绿地临港家园（海洋小区）,96.98㎡,南 北,2室2厅1卫,低楼层                        （4层）,https://sh.lianjia.com/zufang/SH2056741224286519296.html,2025-11-17 19:48:56
14,整租·临港新世界休闲广场 2室1厅 南/北,2200 元/月,浦东-临港新城-临港新世界休闲广场,60.47㎡,南 北,2室1厅1卫,高楼层                        （7层）,https://sh.lianjia.com/zufang/SH2057034355217268736.html,2025-11-17 19:48:56
16,整租·万达钻石湾 3室2厅 南/北,3465 元/月,浦东-临港新城-万达钻石湾,96.00㎡,南 北,3室2厅2卫,低楼层                        （17层）,https://sh.lianjia.com/zufang/SH1977946941744480256.html,2025-11-17 19:49:02
16,整租·紫菁庭 3室1厅 南/北,2990 元/月,浦东-临港新城-紫菁庭,91.47㎡,南 北,3室1厅1卫,低楼层                        （13层）,https://sh.lianjia.com/zufang/SH1870424506183450624.html,2025-11-17 19:49:02
16,整租·龙光·天曜 3室2厅 南/北,3150 元/月,浦东-临港新城-龙光·天曜,86.00㎡,南 北,3室2厅1卫,高楼层                        （15层）,https://sh.lianjia.com/zufang/SH1973674051180167168.html,2025-11-17 19:49:02
16,整租·万科金域澜湾 3室2厅 南/北,3600 元/月,浦东-临港新城-万科金域澜湾,90.00㎡,南 北,3室2厅2卫,中楼层                        （8层）,https://sh.lianjia.com/zufang/SH1974801633862746112.html,2025-11-17 19:49:02
16,整租·中建御湖澜庭 3室2厅 南/北,3200 元/月,浦东-临港新城-中建御湖澜庭,89.00㎡,南 北,3室2厅1卫,中楼层                        （18层）,https://sh.lianjia.com/zufang/SH1924732833729871872.html,2025-11-17 19:49:02
16,整租·临港家园 2室2厅 南/北,2600 元/月,浦东-临港新城-临港家园,96.92㎡,南 北,2室2厅1卫,低楼层                        （13层）,https://sh.lianjia.com/zufang/SH1927745625420464128.html,2025-11-17 19:49:02
16,整租·东宸源著 4室2厅 复式 南,4830 元/月,浦东-临港新城-东宸源著,120.00㎡,南,4室2厅2卫,低楼层                        （4层）,https://sh.lianjia.com/zufang/SH1940450907665727488.html,2025-11-17 19:49:02
16,整租·万达钻石湾 3室2厅 南/北,3600 元/月,浦东-临港新城-万达钻石湾,97.00㎡,南 北,3室2厅2卫,高楼层                        （17层）,https://sh.lianjia.com/zufang/SH1941155295518523392.html,2025-11-17 19:49:02
16,整租·碧云壹零 4室2厅 南/北,4830 元/月,浦东-临港新城-碧云壹零,229.32㎡,南 北,4室2厅3卫,中楼层                        （6层）,https://sh.lianjia.com/zufang/SH1941061090985115648.html,2025-11-17 19:49:02
16,整租·保利铃兰公馆 3室2厅 南/北,3500 元/月,浦东-临港新城-保利铃兰公馆,89.95㎡,南 北,3室2厅2卫,低楼层                        （8层）,https://sh.lianjia.com/zufang/SH1963881889580187648.html,2025-11-17 19:49:02
16,整租·万科金域澜湾 2室1厅 南,3000 元/月,浦东-临港新城-万科金域澜湾,75.12㎡,南,2室1厅1卫,低楼层                        （8层）,https://sh.lianjia.com/zufang/SH1885661875056672768.html,2025-11-17 19:49:02
16,整租·绿地东岸涟城 3室1厅 南/北,2415 元/月,浦东-临港新城-绿地东岸涟城,82.86㎡,南 北,3室1厅2卫,中楼层                        （5层）,https://sh.lianjia.com/zufang/SH1951024085966258176.html,2025-11-17 19:49:02
16,整租·宜浩佳园南区 2室2厅 南,2258 元/月,浦东-临港新城-宜浩佳园南区,85.00㎡,南,2室2厅1卫,低楼层                        （4层）,https://sh.lianjia.com/zufang/SH1951474934995746816.html,2025-11-17 19:49:02
16,整租·宜浩佳园北区 2室2厅 南,2100 元/月,浦东-临港新城-宜浩佳园北区,82.34㎡,南,2室2厅1卫,低楼层                        （4层）,https://sh.lianjia.com/zufang/SH1827963802000293888.html,2025-11-17 19:49:02
16,整租·宜浩佳园北区 1室2厅 南/北,2200 元/月,浦东-临港新城-宜浩佳园北区,75.01㎡,南 北,1室2厅1卫,中楼层                        （6层）,https://sh.lianjia.com/zufang/SH1721117928943779840.html,2025-11-17 19:49:02
16,整租·临港十七区 1室1厅 北,1500 元/月,浦东-临港新城-临港十七区,39.05㎡,北,1室1厅1卫,高楼层                        （15层）,https://sh.lianjia.com/zufang/SH1759035179197792256.html,2025-11-17 19:49:02
16,整租·万达钻石湾 3室2厅 南,4200 元/月,浦东-临港新城-万达钻石湾,108.00㎡,南,3室2厅2卫,低楼层                        （16层）,https://sh.lianjia.com/zufang/SH1845037435692515328.html,2025-11-17 19:49:02
16,整租·保利玲珑公馆 3室1厅 南/北,2800 元/月,浦东-临港新城-保利玲珑公馆,88.89㎡,南 北,3室1厅2卫,低楼层                        （14层）,https://sh.lianjia.com/zufang/SH2080257613441794048.html,2025-11-17 19:49:02
16,整租·临港十七区 1室1厅 东,2100 元/月,浦东-临港新城-临港十七区,39.00㎡,东,1室1厅1卫,低楼层                        （15层）,https://sh.lianjia.com/zufang/SH2079892135775043584.html,2025-11-17 19:49:02
16,整租·保利蔚蓝林语 4室2厅 南,5300 元/月,浦东-临港新城-保利蔚蓝林语,152.39㎡,南,4室2厅3卫,低楼层                        （4层）,https://sh.lianjia.com/zufang/SH2081325673439297536.html,2025-11-17 19:49:02
16,整租·宜浩佳园南区 3室2厅 南/北,3465 元/月,浦东-临港新城-宜浩佳园南区,118.58㎡,南 北,3室2厅2卫,低楼层                        （4层）,https://sh.lianjia.com/zufang/SH2080641415292911616.html,2025-11-17 19:49:02
16,整租·港城悦庭 3室1厅 南,4500 元/月,浦东-临港新城-港城悦庭,116.42㎡,南,3室1厅2卫,中楼层                        （16层）,https://sh.lianjia.com/zufang/SH2081762392005410816.html,2025-11-17 19:49:02
16,整租·玲珑悦庭 1室1厅 南,2660 元/月,浦东-临港新城-玲珑悦庭,59.56㎡,南,1室1厅1卫,中楼层                        （7层）,https://sh.lianjia.com/zufang/SH2082143269558419456.html,2025-11-17 19:49:02
16,整租·绿地东岸涟城 2室2厅 南/北,2600 元/月,浦东-临港新城-绿地东岸涟城,88.23㎡,南 北,2室2厅1卫,中楼层                        （5层）,https://sh.lianjia.com/zufang/SH2082683928107286528.html,2025-11-17 19:49:02
16,整租·艾森公馆 2室2厅 南/北,2700 元/月,浦东-临港新城-艾森公馆,100.40㎡,南 北,2室2厅2卫,中楼层                        （11层）,https://sh.lianjia.com/zufang/SH2083573070429159424.html,2025-11-17 19:49:02
16,整租·临港家园 3室2厅 南,2800 元/月,浦东-临港新城-临港家园,95.40㎡,南,3室2厅1卫,高楼层                        （12层）,https://sh.lianjia.com/zufang/SH2087172686856847360.html,2025-11-17 19:49:02
16,整租·临港十七区 1室1厅 南,1575 元/月,浦东-临港新城-临港十七区,42.00㎡,南,1室1厅1卫,中楼层                        （21层）,https://sh.lianjia.com/zufang/SH2087945824175652864.html,2025-11-17 19:49:02
16,整租·艾森公馆 3室2厅 南,3500 元/月,浦东-临港新城-艾森公馆,90.00㎡,南,3室2厅1卫,中楼层                        （18层）,https://sh.lianjia.com/zufang/SH2088105584569090048.html,2025-11-17 19:49:02
16,整租·中建玖海云天 3室2厅 南,3100 元/月,浦东-临港新城-中建玖海云天,98.80㎡,南,3室2厅2卫,高楼层                        （26层）,https://sh.lianjia.com/zufang/SH2098719407478931456.html,2025-11-17 19:49:02
16,整租·保利铃兰公馆 3室2厅 南/北,2800 元/月,浦东-临港新城-保利铃兰公馆,89.71㎡,南 北,3室2厅2卫,高楼层                        （8层）,https://sh.lianjia.com/zufang/SH2090430518729375744.html,2025-11-17 19:49:02
17,整租·临港家园 2室2厅 南/北,2600 元/月,浦东-临港新城-临港家园,96.92㎡,南 北,2室2厅1卫,低楼层                        （13层）,https://sh.lianjia.com/zufang/SH1927745625420464128.html,2025-11-17 19:49:05
17,整租·万科金域澜湾 3室2厅 南,3200 元/月,浦东-临港新城-万科金域澜湾,90.00㎡,南,3室2厅2卫,中楼层                        （8层）,https://sh.lianjia.com/zufang/SH1938907455073288192.html,2025-11-17 19:49:05
17,整租·万达钻石湾 3室2厅 南/北,3600 元/月,浦东-临港新城-万达钻石湾,97.00㎡,南 北,3室2厅2卫,高楼层                        （17层）,https://sh.lianjia.com/zufang/SH1941155295518523392.html,2025-11-17 19:49:05
17,整租·宜浩佳园北区 2室2厅 南,2100 元/月,浦东-临港新城-宜浩佳园北区,82.34㎡,南,2室2厅1卫,低楼层                        （4层）,https://sh.lianjia.com/zufang/SH1827963802000293888.html,2025-11-17 19:49:05
17,整租·万达钻石湾 3室2厅 南,4200 元/月,浦东-临港新城-万达钻石湾,108.00㎡,南,3室2厅2卫,低楼层                        （16层）,https://sh.lianjia.com/zufang/SH1845037435692515328.html,2025-11-17 19:49:05
17,整租·紫菁庭 3室1厅 南/北,2990 元/月,浦东-临港新城-紫菁庭,91.47㎡,南 北,3室1厅1卫,低楼层                        （13层）,https://sh.lianjia.com/zufang/SH1870424506183450624.html,2025-11-17 19:49:05
17,整租·万科金域澜湾 2室1厅 南,3000 元/月,浦东-临港新城-万科金域澜湾,75.12㎡,南,2室1厅1卫,低楼层                        （8层）,https://sh.lianjia.com/zufang/SH1885661875056672768.html,2025-11-17 19:49:05
17,整租·东宸源著 4室2厅 复式 南,4830 元/月,浦东-临港新城-东宸源著,120.00㎡,南,4室2厅2卫,低楼层                        （4层）,https://sh.lianjia.com/zufang/SH1940450907665727488.html,2025-11-17 19:49:05
17,整租·碧云壹零 4室2厅 南/北,4830 元/月,浦东-临港新城-碧云壹零,229.32㎡,南 北,4室2厅3卫,中楼层                        （6层）,https://sh.lianjia.com/zufang/SH1941061090985115648.html,2025-11-17 19:49:05
17,整租·中建御湖澜庭 3室2厅 南/北,3200 元/月,浦东-临港新城-中建御湖澜庭,89.00㎡,南 北,3室2厅1卫,中楼层                        （18层）,https://sh.lianjia.com/zufang/SH1924732833729871872.html,2025-11-17 19:49:05
17,整租·临港十七区 1室1厅 南,1500 元/月,浦东-临港新城-临港十七区,41.07㎡,南,1室1厅1卫,中楼层                        （21层）,https://sh.lianjia.com/zufang/SH2086016871475183616.html,2025-11-17 19:49:05
17,整租·滴水湖馨苑二期 4室2厅 南/北,7800 元/月,浦东-临港新城-滴水湖馨苑二期,182.21㎡,南 北,4室2厅2卫,低楼层                        （5层）,https://sh.lianjia.com/zufang/SH2072549414580256768.html,2025-11-17 19:49:05
17,整租·保利玲珑公馆 4室2厅 南/北,4500 元/月,浦东-临港新城-保利玲珑公馆,111.91㎡,南 北,4室2厅2卫,中楼层                        （11层）,https://sh.lianjia.com/zufang/SH1897851220345749504.html,2025-11-17 19:49:05
17,整租·绿地蓝海庭 1室1厅 南/北,2000 元/月,浦东-临港新城-绿地蓝海庭,52.15㎡,南 北,1室1厅1卫,中楼层                        （5层）,https://sh.lianjia.com/zufang/SH2101614546899697664.html,2025-11-17 19:49:05
17,整租·宜浩佳园南区 2室1厅 南/北,1950 元/月,浦东-临港新城-宜浩佳园南区,76.00㎡,南 北,2室1厅1卫,低楼层                        （4层）,https://sh.lianjia.com/zufang/SH2100970270687756288.html,2025-11-17 19:49:05
17,整租·绿地东岸涟城 2室1厅 南,2180 元/月,浦东-临港新城-绿地东岸涟城,51.35㎡,南,2室1厅1卫,中楼层                        （11层）,https://sh.lianjia.com/zufang/SH2099786691618275328.html,2025-11-17 19:49:05
17,整租·港城悦璟 3室2厅 南/北,2800 元/月,浦东-临港新城-港城悦璟,90.41㎡,南 北,3室2厅2卫,低楼层                        （8层）,https://sh.lianjia.com/zufang/SH2100087116137496576.html,2025-11-17 19:49:05
17,整租·滴水湖馨苑二期 3室2厅 南,2800 元/月,浦东-临港新城-滴水湖馨苑二期,88.75㎡,南,3室2厅1卫,高楼层                        （5层）,https://sh.lianjia.com/zufang/SH2100486701917929472.html,2025-11-17 19:49:05
17,整租·绿地临港家园（海洋小区） 3室1厅 南/北,2800 元/月,浦东-临港新城-绿地临港家园（海洋小区）,102.97㎡,南 北,3室1厅1卫,高楼层                        （13层）,https://sh.lianjia.com/zufang/SH2100620954370572288.html,2025-11-17 19:49:05
17,整租·临港十七区 1室1厅 东南,1850 元/月,浦东-临港新城-临港十七区,53.08㎡,东南,1室1厅1卫,高楼层                        （21层）,https://sh.lianjia.com/zufang/SH2100796165518786560.html,2025-11-17 19:49:05
17,整租·临港十七区 1室1厅 南,1666 元/月,浦东-临港新城-临港十七区,41.07㎡,南,1室1厅1卫,中楼层                        （21层）,https://sh.lianjia.com/zufang/SH2101335904634273792.html,2025-11-17 19:49:05
17,整租·保利玲珑公馆 3室2厅 南/北,2800 元/月,浦东-临港新城-保利玲珑公馆,88.88㎡,南 北,3室2厅2卫,高楼层                        （14层）,https://sh.lianjia.com/zufang/SH2101508379741519872.html,2025-11-17 19:49:05
17,整租·临港十七区 2室1厅 南,2000 元/月,浦东-临港新城-临港十七区,47.21㎡,南,2室1厅1卫,高楼层                        （15层）,https://sh.lianjia.com/zufang/SH1876976007219511296.html,2025-11-17 19:49:05
17,整租·海滨时代大厦 2室1厅 南,2200 元/月,浦东-临港新城-海滨时代大厦,57.57㎡,南,2室1厅1卫,低楼层                        （10层）,https://sh.lianjia.com/zufang/SH1836804845177143296.html,2025-11-17 19:49:05
17,整租·临港十七区 1室1厅 南,1500 元/月,浦东-临港新城-临港十七区,42.50㎡,南,1室1厅1卫,高楼层                        （21层）,https://sh.lianjia.com/zufang/SH2101663401997500416.html,2025-11-17 19:49:05
17,整租·保利铃兰公馆 3室2厅 南/北,2800 元/月,浦东-临港新城-保利铃兰公馆,89.71㎡,南 北,3室2厅2卫,高楼层                        （8层）,https://sh.lianjia.com/zufang/SH2090430518729375744.html,2025-11-17 19:49:05
17,整租·临港新世界休闲广场 1室1厅 东,1680 元/月,浦东-临港新城-临港新世界休闲广场,45.00㎡,东,1室1厅1卫,中楼层                        （9层）,https://sh.lianjia.com/zufang/SH1968529845797257216.html,2025-11-17 19:49:05
17,整租·中建玖海云天 3室2厅 南,3045 元/月,浦东-临港新城-中建玖海云天,99.31㎡,南,3室2厅2卫,中楼层                        （17层）,https://sh.lianjia.com/zufang/SH1968552209381588992.html,2025-11-17 19:49:05
17,整租·龙光·天曜 3室2厅 南,3300 元/月,浦东-临港新城-龙光·天曜,94.00㎡,南,3室2厅2卫,中楼层                        （18层）,https://sh.lianjia.com/zufang/SH1970867560584839168.html,2025-11-17 19:49:05
17,整租·宜浩佳园北区 2室1厅 南/北,2600 元/月,浦东-临港新城-宜浩佳园北区,82.00㎡,南 北,2室1厅1卫,中楼层                        （4层）,https://sh.lianjia.com/zufang/SH1962869734529564672.html,2025-11-17 19:49:05
19,整租·碧桂园浦东星作 2室2厅 复式 南,3300 元/月,浦东-泥城镇-碧桂园浦东星作,108.11㎡,南,2室2厅3卫,高楼层                        （3层）,https://sh.lianjia.com/zufang/SH2015670858516791296.html,2025-11-17 19:49:11
19,整租·南行旺苑 2室2厅 南/北,2500 元/月,奉贤-奉贤金汇-南行旺苑,91.00㎡,南 北,2室2厅1卫,高楼层                        （18层）,https://sh.lianjia.com/zufang/SH2099737763988373504.html,2025-11-17 19:49:11
19,整租·罗家锦苑 2室2厅 南,6800 元/月,青浦-徐泾-罗家锦苑,95.00㎡,南,2室2厅1卫,中楼层                        （14层）,https://sh.lianjia.com/zufang/SH2095494683496022016.html,2025-11-17 19:49:11
19,整租·金地艺境(宝山) 3室2厅 南/北,6200 元/月,宝山-上大-金地艺境(宝山),120.52㎡,南 北,3室2厅2卫,低楼层                        （32层）,https://sh.lianjia.com/zufang/SH2063565032695791616.html,2025-11-17 19:49:11
19,整租·东汉阳路427弄 2室1厅 南,5500 元/月,虹口-北外滩-东汉阳路427弄,70.06㎡,南,2室1厅1卫,高楼层                        （7层）,https://sh.lianjia.com/zufang/SH2095822048034029568.html,2025-11-17 19:49:11
19,整租·双桥小区 3室1厅 南,5300 元/月,浦东-金桥-双桥小区,75.10㎡,南,3室1厅1卫,中楼层                        （6层）,https://sh.lianjia.com/zufang/SH2093720479394168832.html,2025-11-17 19:49:11
19,整租·金鼎公寓(普陀) 2室1厅 南,6500 元/月,普陀-万里-金鼎公寓(普陀),88.11㎡,南,2室1厅1卫,低楼层                        （6层）,https://sh.lianjia.com/zufang/SH2092454004511473664.html,2025-11-17 19:49:11
19,整租·港机新村 1室1厅 南,3800 元/月,浦东-南码头-港机新村,36.23㎡,南,1室1厅1卫,低楼层                        （6层）,https://sh.lianjia.com/zufang/SH2095822460296364032.html,2025-11-17 19:49:11
